seed,hash,enemies,wave,slot,size,chain_length,buckets
1,default,hive,1,0,1,0,7
1,default,hive,1,0,1,1,1
1,default,hive,1,1,1,0,7
1,default,hive,1,1,1,1,1
1,default,hive,2,0,1,0,7
1,default,hive,2,0,1,1,1
1,default,hive,2,1,1,0,7
1,default,hive,2,1,1,1,1
1,default,hive,3,0,1,0,7
1,default,hive,3,0,1,1,1
1,default,hive,3,1,1,0,7
1,default,hive,3,1,1,1,1
1,default,hive,4,0,1,0,7
1,default,hive,4,0,1,1,1
1,default,hive,4,1,1,0,7
1,default,hive,4,1,1,1,1
1,default,hive,5,0,1,0,7
1,default,hive,5,0,1,1,1
1,default,hive,5,1,1,0,7
1,default,hive,5,1,1,1,1
1,default,hive,6,0,1,0,7
1,default,hive,6,0,1,1,1
1,default,hive,6,1,1,0,7
1,default,hive,6,1,1,1,1
1,default,hive,7,0,1,0,7
1,default,hive,7,0,1,1,1
1,default,hive,7,1,1,0,7
1,default,hive,7,1,1,1,1
1,default,hive,8,0,1,0,7
1,default,hive,8,0,1,1,1
1,default,hive,8,1,1,0,7
1,default,hive,8,1,1,1,1
1,default,hive,9,0,1,0,7
1,default,hive,9,0,1,1,1
1,default,hive,9,1,1,0,7
1,default,hive,9,1,1,1,1
1,default,hive,10,0,2,0,7
1,default,hive,10,0,2,2,1
1,default,hive,10,1,2,0,7
1,default,hive,10,1,2,2,1
1,default,hive,11,0,2,0,7
1,default,hive,11,0,2,2,1
1,default,hive,11,1,2,0,7
1,default,hive,11,1,2,2,1
1,default,hive,12,0,2,0,7
1,default,hive,12,0,2,2,1
1,default,hive,12,1,2,0,7
1,default,hive,12,1,2,2,1
1,default,hive,13,0,3,0,7
1,default,hive,13,0,3,3,1
1,default,hive,13,1,3,0,7
1,default,hive,13,1,3,3,1
1,default,hive,14,0,4,0,7
1,default,hive,14,0,4,4,1
1,default,hive,14,1,4,0,7
1,default,hive,14,1,4,4,1
1,default,hive,15,0,4,0,7
1,default,hive,15,0,4,4,1
1,default,hive,15,1,4,0,7
1,default,hive,15,1,4,4,1
1,default,hive,16,0,6,0,7
1,default,hive,16,0,6,6,1
1,default,hive,16,1,6,0,7
1,default,hive,16,1,6,6,1
1,default,hive,17,0,34,0,63
1,default,hive,17,0,34,34,1
1,default,hive,17,1,68,0,127
1,default,hive,17,1,68,68,1
1,default,hive,17,2,34,0,63
1,default,hive,17,2,34,34,1
1,default,hive,17,3,68,0,127
1,default,hive,17,3,68,68,1
1,default,hive,17,4,68,0,127
1,default,hive,17,4,68,68,1
1,default,hive,17,5,68,0,127
1,default,hive,17,5,68,68,1
1,default,hive,17,6,68,0,127
1,default,hive,17,6,68,68,1
1,default,hive,17,7,67,0,127
1,default,hive,17,7,67,67,1
1,default,hive,18,0,44,0,63
1,default,hive,18,0,44,44,1
1,default,hive,18,1,68,0,127
1,default,hive,18,1,68,68,1
1,default,hive,18,2,44,0,63
1,default,hive,18,2,44,44,1
1,default,hive,18,3,68,0,127
1,default,hive,18,3,68,68,1
1,default,hive,18,4,68,0,127
1,default,hive,18,4,68,68,1
1,default,hive,18,5,68,0,127
1,default,hive,18,5,68,68,1
1,default,hive,18,6,68,0,127
1,default,hive,18,6,68,68,1
1,default,hive,18,7,67,0,127
1,default,hive,18,7,67,67,1
1,default,hive,19,0,44,0,63
1,default,hive,19,0,44,44,1
1,default,hive,19,1,68,0,127
1,default,hive,19,1,68,68,1
1,default,hive,19,2,44,0,63
1,default,hive,19,2,44,44,1
1,default,hive,19,3,68,0,127
1,default,hive,19,3,68,68,1
1,default,hive,19,4,68,0,127
1,default,hive,19,4,68,68,1
1,default,hive,19,5,68,0,127
1,default,hive,19,5,68,68,1
1,default,hive,19,6,68,0,127
1,default,hive,19,6,68,68,1
1,default,hive,19,7,67,0,127
1,default,hive,19,7,67,67,1
1,default,hive,20,0,57,0,127
1,default,hive,20,0,57,57,1
1,default,hive,20,1,68,0,127
1,default,hive,20,1,68,68,1
1,default,hive,20,2,57,0,127
1,default,hive,20,2,57,57,1
1,default,hive,20,3,68,0,127
1,default,hive,20,3,68,68,1
1,default,hive,20,4,68,0,127
1,default,hive,20,4,68,68,1
1,default,hive,20,5,68,0,127
1,default,hive,20,5,68,68,1
1,default,hive,20,6,68,0,127
1,default,hive,20,6,68,68,1
1,default,hive,20,7,67,0,127
1,default,hive,20,7,67,67,1
1,mixed,hive,1,0,1,0,7
1,mixed,hive,1,0,1,1,1
1,mixed,hive,1,1,1,0,7
1,mixed,hive,1,1,1,1,1
1,mixed,hive,2,0,1,0,7
1,mixed,hive,2,0,1,1,1
1,mixed,hive,2,1,1,0,7
1,mixed,hive,2,1,1,1,1
1,mixed,hive,3,0,1,0,7
1,mixed,hive,3,0,1,1,1
1,mixed,hive,3,1,1,0,7
1,mixed,hive,3,1,1,1,1
1,mixed,hive,4,0,1,0,7
1,mixed,hive,4,0,1,1,1
1,mixed,hive,4,1,1,0,7
1,mixed,hive,4,1,1,1,1
1,mixed,hive,5,0,1,0,7
1,mixed,hive,5,0,1,1,1
1,mixed,hive,5,1,1,0,7
1,mixed,hive,5,1,1,1,1
1,mixed,hive,6,0,1,0,7
1,mixed,hive,6,0,1,1,1
1,mixed,hive,6,1,1,0,7
1,mixed,hive,6,1,1,1,1
1,mixed,hive,7,0,1,0,7
1,mixed,hive,7,0,1,1,1
1,mixed,hive,7,1,1,0,7
1,mixed,hive,7,1,1,1,1
1,mixed,hive,8,0,1,0,7
1,mixed,hive,8,0,1,1,1
1,mixed,hive,8,1,1,0,7
1,mixed,hive,8,1,1,1,1
1,mixed,hive,9,0,1,0,7
1,mixed,hive,9,0,1,1,1
1,mixed,hive,9,1,1,0,7
1,mixed,hive,9,1,1,1,1
1,mixed,hive,10,0,2,0,7
1,mixed,hive,10,0,2,2,1
1,mixed,hive,10,1,2,0,7
1,mixed,hive,10,1,2,2,1
1,mixed,hive,11,0,2,0,6
1,mixed,hive,11,0,2,1,2
1,mixed,hive,11,1,2,0,6
1,mixed,hive,11,1,2,1,2
1,mixed,hive,12,0,2,0,6
1,mixed,hive,12,0,2,1,2
1,mixed,hive,12,1,2,0,6
1,mixed,hive,12,1,2,1,2
1,mixed,hive,13,0,3,0,5
1,mixed,hive,13,0,3,1,3
1,mixed,hive,13,1,3,0,5
1,mixed,hive,13,1,3,1,3
1,mixed,hive,14,0,4,0,4
1,mixed,hive,14,0,4,1,4
1,mixed,hive,14,1,4,0,4
1,mixed,hive,14,1,4,1,4
1,mixed,hive,15,0,4,0,5
1,mixed,hive,15,0,4,1,2
1,mixed,hive,15,0,4,2,1
1,mixed,hive,15,1,4,0,5
1,mixed,hive,15,1,4,1,2
1,mixed,hive,15,1,4,2,1
1,mixed,hive,16,0,6,0,3
1,mixed,hive,16,0,6,1,4
1,mixed,hive,16,0,6,2,1
1,mixed,hive,16,1,6,0,3
1,mixed,hive,16,1,6,1,4
1,mixed,hive,16,1,6,2,1
1,mixed,hive,17,0,14,0,20
1,mixed,hive,17,0,14,1,11
1,mixed,hive,17,0,14,3,1
1,mixed,hive,17,1,14,0,20
1,mixed,hive,17,1,14,1,11
1,mixed,hive,17,1,14,3,1
1,mixed,hive,17,3,3,0,6
1,mixed,hive,17,3,3,1,1
1,mixed,hive,17,3,3,2,1
1,mixed,hive,18,0,26,0,47
1,mixed,hive,18,0,26,1,11
1,mixed,hive,18,0,26,2,4
1,mixed,hive,18,0,26,3,1
1,mixed,hive,18,0,26,4,1
1,mixed,hive,18,1,26,0,47
1,mixed,hive,18,1,26,1,11
1,mixed,hive,18,1,26,2,4
1,mixed,hive,18,1,26,3,1
1,mixed,hive,18,1,26,4,1
1,mixed,hive,18,3,6,0,4
1,mixed,hive,18,3,6,1,3
1,mixed,hive,18,3,6,3,1
1,mixed,hive,19,0,42,0,33
1,mixed,hive,19,0,42,1,22
1,mixed,hive,19,0,42,2,7
1,mixed,hive,19,0,42,3,2
1,mixed,hive,19,1,42,0,33
1,mixed,hive,19,1,42,1,22
1,mixed,hive,19,1,42,2,7
1,mixed,hive,19,1,42,3,2
1,mixed,hive,19,3,12,0,7
1,mixed,hive,19,3,12,1,7
1,mixed,hive,19,3,12,2,1
1,mixed,hive,19,3,12,3,1
1,mixed,hive,19,4,2,0,6
1,mixed,hive,19,4,2,1,2
1,mixed,hive,20,0,63,0,80
1,mixed,hive,20,0,63,1,34
1,mixed,hive,20,0,63,2,13
1,mixed,hive,20,0,63,3,1
1,mixed,hive,20,1,63,0,80
1,mixed,hive,20,1,63,1,34
1,mixed,hive,20,1,63,2,13
1,mixed,hive,20,1,63,3,1
1,mixed,hive,20,3,38,0,39
1,mixed,hive,20,3,38,1,15
1,mixed,hive,20,3,38,2,7
1,mixed,hive,20,3,38,3,3
1,mixed,hive,20,4,8,0,9
1,mixed,hive,20,4,8,1,6
1,mixed,hive,20,4,8,2,1
2,default,hive,1,0,1,0,7
2,default,hive,1,0,1,1,1
2,default,hive,1,1,1,0,7
2,default,hive,1,1,1,1,1
2,default,hive,2,0,1,0,7
2,default,hive,2,0,1,1,1
2,default,hive,2,1,1,0,7
2,default,hive,2,1,1,1,1
2,default,hive,3,0,1,0,7
2,default,hive,3,0,1,1,1
2,default,hive,3,1,1,0,7
2,default,hive,3,1,1,1,1
2,default,hive,4,0,1,0,7
2,default,hive,4,0,1,1,1
2,default,hive,4,1,1,0,7
2,default,hive,4,1,1,1,1
2,default,hive,5,0,1,0,7
2,default,hive,5,0,1,1,1
2,default,hive,5,1,1,0,7
2,default,hive,5,1,1,1,1
2,default,hive,6,0,1,0,7
2,default,hive,6,0,1,1,1
2,default,hive,6,1,1,0,7
2,default,hive,6,1,1,1,1
2,default,hive,7,0,1,0,7
2,default,hive,7,0,1,1,1
2,default,hive,7,1,1,0,7
2,default,hive,7,1,1,1,1
2,default,hive,8,0,1,0,7
2,default,hive,8,0,1,1,1
2,default,hive,8,1,1,0,7
2,default,hive,8,1,1,1,1
2,default,hive,9,0,1,0,7
2,default,hive,9,0,1,1,1
2,default,hive,9,1,1,0,7
2,default,hive,9,1,1,1,1
2,default,hive,10,0,2,0,7
2,default,hive,10,0,2,2,1
2,default,hive,10,1,2,0,7
2,default,hive,10,1,2,2,1
2,default,hive,11,0,2,0,7
2,default,hive,11,0,2,2,1
2,default,hive,11,1,2,0,7
2,default,hive,11,1,2,2,1
2,default,hive,12,0,2,0,7
2,default,hive,12,0,2,2,1
2,default,hive,12,1,2,0,7
2,default,hive,12,1,2,2,1
2,default,hive,13,0,3,0,7
2,default,hive,13,0,3,3,1
2,default,hive,13,1,3,0,7
2,default,hive,13,1,3,3,1
2,default,hive,14,0,4,0,7
2,default,hive,14,0,4,4,1
2,default,hive,14,1,4,0,7
2,default,hive,14,1,4,4,1
2,default,hive,15,0,4,0,7
2,default,hive,15,0,4,4,1
2,default,hive,15,1,4,0,7
2,default,hive,15,1,4,4,1
2,default,hive,16,0,6,0,7
2,default,hive,16,0,6,6,1
2,default,hive,16,1,6,0,7
2,default,hive,16,1,6,6,1
2,default,hive,17,0,34,0,63
2,default,hive,17,0,34,34,1
2,default,hive,17,1,68,0,127
2,default,hive,17,1,68,68,1
2,default,hive,17,2,34,0,63
2,default,hive,17,2,34,34,1
2,default,hive,17,3,68,0,127
2,default,hive,17,3,68,68,1
2,default,hive,17,4,68,0,127
2,default,hive,17,4,68,68,1
2,default,hive,17,5,68,0,127
2,default,hive,17,5,68,68,1
2,default,hive,17,6,68,0,127
2,default,hive,17,6,68,68,1
2,default,hive,17,7,67,0,127
2,default,hive,17,7,67,67,1
2,default,hive,18,0,44,0,63
2,default,hive,18,0,44,44,1
2,default,hive,18,1,68,0,127
2,default,hive,18,1,68,68,1
2,default,hive,18,2,44,0,63
2,default,hive,18,2,44,44,1
2,default,hive,18,3,68,0,127
2,default,hive,18,3,68,68,1
2,default,hive,18,4,68,0,127
2,default,hive,18,4,68,68,1
2,default,hive,18,5,68,0,127
2,default,hive,18,5,68,68,1
2,default,hive,18,6,68,0,127
2,default,hive,18,6,68,68,1
2,default,hive,18,7,67,0,127
2,default,hive,18,7,67,67,1
2,default,hive,19,0,44,0,63
2,default,hive,19,0,44,44,1
2,default,hive,19,1,68,0,127
2,default,hive,19,1,68,68,1
2,default,hive,19,2,44,0,63
2,default,hive,19,2,44,44,1
2,default,hive,19,3,68,0,127
2,default,hive,19,3,68,68,1
2,default,hive,19,4,68,0,127
2,default,hive,19,4,68,68,1
2,default,hive,19,5,68,0,127
2,default,hive,19,5,68,68,1
2,default,hive,19,6,68,0,127
2,default,hive,19,6,68,68,1
2,default,hive,19,7,67,0,127
2,default,hive,19,7,67,67,1
2,default,hive,20,0,57,0,127
2,default,hive,20,0,57,57,1
2,default,hive,20,1,68,0,127
2,default,hive,20,1,68,68,1
2,default,hive,20,2,57,0,127
2,default,hive,20,2,57,57,1
2,default,hive,20,3,68,0,127
2,default,hive,20,3,68,68,1
2,default,hive,20,4,68,0,127
2,default,hive,20,4,68,68,1
2,default,hive,20,5,68,0,127
2,default,hive,20,5,68,68,1
2,default,hive,20,6,68,0,127
2,default,hive,20,6,68,68,1
2,default,hive,20,7,67,0,127
2,default,hive,20,7,67,67,1
2,mixed,hive,1,0,1,0,7
2,mixed,hive,1,0,1,1,1
2,mixed,hive,1,1,1,0,7
2,mixed,hive,1,1,1,1,1
2,mixed,hive,2,0,1,0,7
2,mixed,hive,2,0,1,1,1
2,mixed,hive,2,1,1,0,7
2,mixed,hive,2,1,1,1,1
2,mixed,hive,3,0,1,0,7
2,mixed,hive,3,0,1,1,1
2,mixed,hive,3,1,1,0,7
2,mixed,hive,3,1,1,1,1
2,mixed,hive,4,0,1,0,7
2,mixed,hive,4,0,1,1,1
2,mixed,hive,4,1,1,0,7
2,mixed,hive,4,1,1,1,1
2,mixed,hive,5,0,1,0,7
2,mixed,hive,5,0,1,1,1
2,mixed,hive,5,1,1,0,7
2,mixed,hive,5,1,1,1,1
2,mixed,hive,6,0,1,0,7
2,mixed,hive,6,0,1,1,1
2,mixed,hive,6,1,1,0,7
2,mixed,hive,6,1,1,1,1
2,mixed,hive,7,0,1,0,7
2,mixed,hive,7,0,1,1,1
2,mixed,hive,7,1,1,0,7
2,mixed,hive,7,1,1,1,1
2,mixed,hive,8,0,1,0,7
2,mixed,hive,8,0,1,1,1
2,mixed,hive,8,1,1,0,7
2,mixed,hive,8,1,1,1,1
2,mixed,hive,9,0,1,0,7
2,mixed,hive,9,0,1,1,1
2,mixed,hive,9,1,1,0,7
2,mixed,hive,9,1,1,1,1
2,mixed,hive,10,0,2,0,7
2,mixed,hive,10,0,2,2,1
2,mixed,hive,10,1,2,0,7
2,mixed,hive,10,1,2,2,1
2,mixed,hive,11,0,2,0,6
2,mixed,hive,11,0,2,1,2
2,mixed,hive,11,1,2,0,6
2,mixed,hive,11,1,2,1,2
2,mixed,hive,12,0,2,0,6
2,mixed,hive,12,0,2,1,2
2,mixed,hive,12,1,2,0,6
2,mixed,hive,12,1,2,1,2
2,mixed,hive,13,0,3,0,5
2,mixed,hive,13,0,3,1,3
2,mixed,hive,13,1,3,0,5
2,mixed,hive,13,1,3,1,3
2,mixed,hive,14,0,4,0,4
2,mixed,hive,14,0,4,1,4
2,mixed,hive,14,1,4,0,4
2,mixed,hive,14,1,4,1,4
2,mixed,hive,15,0,4,0,5
2,mixed,hive,15,0,4,1,2
2,mixed,hive,15,0,4,2,1
2,mixed,hive,15,1,4,0,5
2,mixed,hive,15,1,4,1,2
2,mixed,hive,15,1,4,2,1
2,mixed,hive,16,0,6,0,3
2,mixed,hive,16,0,6,1,4
2,mixed,hive,16,0,6,2,1
2,mixed,hive,16,1,6,0,3
2,mixed,hive,16,1,6,1,4
2,mixed,hive,16,1,6,2,1
2,mixed,hive,17,0,14,0,20
2,mixed,hive,17,0,14,1,11
2,mixed,hive,17,0,14,3,1
2,mixed,hive,17,1,14,0,20
2,mixed,hive,17,1,14,1,11
2,mixed,hive,17,1,14,3,1
2,mixed,hive,17,3,3,0,6
2,mixed,hive,17,3,3,1,1
2,mixed,hive,17,3,3,2,1
2,mixed,hive,18,0,26,0,47
2,mixed,hive,18,0,26,1,11
2,mixed,hive,18,0,26,2,4
2,mixed,hive,18,0,26,3,1
2,mixed,hive,18,0,26,4,1
2,mixed,hive,18,1,26,0,47
2,mixed,hive,18,1,26,1,11
2,mixed,hive,18,1,26,2,4
2,mixed,hive,18,1,26,3,1
2,mixed,hive,18,1,26,4,1
2,mixed,hive,18,3,6,0,4
2,mixed,hive,18,3,6,1,3
2,mixed,hive,18,3,6,3,1
2,mixed,hive,19,0,42,0,33
2,mixed,hive,19,0,42,1,22
2,mixed,hive,19,0,42,2,7
2,mixed,hive,19,0,42,3,2
2,mixed,hive,19,1,42,0,33
2,mixed,hive,19,1,42,1,22
2,mixed,hive,19,1,42,2,7
2,mixed,hive,19,1,42,3,2
2,mixed,hive,19,3,12,0,7
2,mixed,hive,19,3,12,1,7
2,mixed,hive,19,3,12,2,1
2,mixed,hive,19,3,12,3,1
2,mixed,hive,19,4,2,0,6
2,mixed,hive,19,4,2,1,2
2,mixed,hive,20,0,63,0,80
2,mixed,hive,20,0,63,1,34
2,mixed,hive,20,0,63,2,13
2,mixed,hive,20,0,63,3,1
2,mixed,hive,20,1,63,0,80
2,mixed,hive,20,1,63,1,34
2,mixed,hive,20,1,63,2,13
2,mixed,hive,20,1,63,3,1
2,mixed,hive,20,3,38,0,39
2,mixed,hive,20,3,38,1,15
2,mixed,hive,20,3,38,2,7
2,mixed,hive,20,3,38,3,3
2,mixed,hive,20,4,8,0,9
2,mixed,hive,20,4,8,1,6
2,mixed,hive,20,4,8,2,1
3,default,hive,1,0,1,0,7
3,default,hive,1,0,1,1,1
3,default,hive,1,1,1,0,7
3,default,hive,1,1,1,1,1
3,default,hive,2,0,1,0,7
3,default,hive,2,0,1,1,1
3,default,hive,2,1,1,0,7
3,default,hive,2,1,1,1,1
3,default,hive,3,0,1,0,7
3,default,hive,3,0,1,1,1
3,default,hive,3,1,1,0,7
3,default,hive,3,1,1,1,1
3,default,hive,4,0,1,0,7
3,default,hive,4,0,1,1,1
3,default,hive,4,1,1,0,7
3,default,hive,4,1,1,1,1
3,default,hive,5,0,1,0,7
3,default,hive,5,0,1,1,1
3,default,hive,5,1,1,0,7
3,default,hive,5,1,1,1,1
3,default,hive,6,0,1,0,7
3,default,hive,6,0,1,1,1
3,default,hive,6,1,1,0,7
3,default,hive,6,1,1,1,1
3,default,hive,7,0,1,0,7
3,default,hive,7,0,1,1,1
3,default,hive,7,1,1,0,7
3,default,hive,7,1,1,1,1
3,default,hive,8,0,1,0,7
3,default,hive,8,0,1,1,1
3,default,hive,8,1,1,0,7
3,default,hive,8,1,1,1,1
3,default,hive,9,0,1,0,7
3,default,hive,9,0,1,1,1
3,default,hive,9,1,1,0,7
3,default,hive,9,1,1,1,1
3,default,hive,10,0,2,0,7
3,default,hive,10,0,2,2,1
3,default,hive,10,1,2,0,7
3,default,hive,10,1,2,2,1
3,default,hive,11,0,2,0,7
3,default,hive,11,0,2,2,1
3,default,hive,11,1,2,0,7
3,default,hive,11,1,2,2,1
3,default,hive,12,0,2,0,7
3,default,hive,12,0,2,2,1
3,default,hive,12,1,2,0,7
3,default,hive,12,1,2,2,1
3,default,hive,13,0,3,0,7
3,default,hive,13,0,3,3,1
3,default,hive,13,1,3,0,7
3,default,hive,13,1,3,3,1
3,default,hive,14,0,4,0,7
3,default,hive,14,0,4,4,1
3,default,hive,14,1,4,0,7
3,default,hive,14,1,4,4,1
3,default,hive,15,0,4,0,7
3,default,hive,15,0,4,4,1
3,default,hive,15,1,4,0,7
3,default,hive,15,1,4,4,1
3,default,hive,16,0,6,0,7
3,default,hive,16,0,6,6,1
3,default,hive,16,1,6,0,7
3,default,hive,16,1,6,6,1
3,default,hive,17,0,34,0,63
3,default,hive,17,0,34,34,1
3,default,hive,17,1,68,0,127
3,default,hive,17,1,68,68,1
3,default,hive,17,2,34,0,63
3,default,hive,17,2,34,34,1
3,default,hive,17,3,68,0,127
3,default,hive,17,3,68,68,1
3,default,hive,17,4,68,0,127
3,default,hive,17,4,68,68,1
3,default,hive,17,5,68,0,127
3,default,hive,17,5,68,68,1
3,default,hive,17,6,68,0,127
3,default,hive,17,6,68,68,1
3,default,hive,17,7,67,0,127
3,default,hive,17,7,67,67,1
3,default,hive,18,0,44,0,63
3,default,hive,18,0,44,44,1
3,default,hive,18,1,68,0,127
3,default,hive,18,1,68,68,1
3,default,hive,18,2,44,0,63
3,default,hive,18,2,44,44,1
3,default,hive,18,3,68,0,127
3,default,hive,18,3,68,68,1
3,default,hive,18,4,68,0,127
3,default,hive,18,4,68,68,1
3,default,hive,18,5,68,0,127
3,default,hive,18,5,68,68,1
3,default,hive,18,6,68,0,127
3,default,hive,18,6,68,68,1
3,default,hive,18,7,67,0,127
3,default,hive,18,7,67,67,1
3,default,hive,19,0,44,0,63
3,default,hive,19,0,44,44,1
3,default,hive,19,1,68,0,127
3,default,hive,19,1,68,68,1
3,default,hive,19,2,44,0,63
3,default,hive,19,2,44,44,1
3,default,hive,19,3,68,0,127
3,default,hive,19,3,68,68,1
3,default,hive,19,4,68,0,127
3,default,hive,19,4,68,68,1
3,default,hive,19,5,68,0,127
3,default,hive,19,5,68,68,1
3,default,hive,19,6,68,0,127
3,default,hive,19,6,68,68,1
3,default,hive,19,7,67,0,127
3,default,hive,19,7,67,67,1
3,default,hive,20,0,57,0,127
3,default,hive,20,0,57,57,1
3,default,hive,20,1,68,0,127
3,default,hive,20,1,68,68,1
3,default,hive,20,2,57,0,127
3,default,hive,20,2,57,57,1
3,default,hive,20,3,68,0,127
3,default,hive,20,3,68,68,1
3,default,hive,20,4,68,0,127
3,default,hive,20,4,68,68,1
3,default,hive,20,5,68,0,127
3,default,hive,20,5,68,68,1
3,default,hive,20,6,68,0,127
3,default,hive,20,6,68,68,1
3,default,hive,20,7,67,0,127
3,default,hive,20,7,67,67,1
3,mixed,hive,1,0,1,0,7
3,mixed,hive,1,0,1,1,1
3,mixed,hive,1,1,1,0,7
3,mixed,hive,1,1,1,1,1
3,mixed,hive,2,0,1,0,7
3,mixed,hive,2,0,1,1,1
3,mixed,hive,2,1,1,0,7
3,mixed,hive,2,1,1,1,1
3,mixed,hive,3,0,1,0,7
3,mixed,hive,3,0,1,1,1
3,mixed,hive,3,1,1,0,7
3,mixed,hive,3,1,1,1,1
3,mixed,hive,4,0,1,0,7
3,mixed,hive,4,0,1,1,1
3,mixed,hive,4,1,1,0,7
3,mixed,hive,4,1,1,1,1
3,mixed,hive,5,0,1,0,7
3,mixed,hive,5,0,1,1,1
3,mixed,hive,5,1,1,0,7
3,mixed,hive,5,1,1,1,1
3,mixed,hive,6,0,1,0,7
3,mixed,hive,6,0,1,1,1
3,mixed,hive,6,1,1,0,7
3,mixed,hive,6,1,1,1,1
3,mixed,hive,7,0,1,0,7
3,mixed,hive,7,0,1,1,1
3,mixed,hive,7,1,1,0,7
3,mixed,hive,7,1,1,1,1
3,mixed,hive,8,0,1,0,7
3,mixed,hive,8,0,1,1,1
3,mixed,hive,8,1,1,0,7
3,mixed,hive,8,1,1,1,1
3,mixed,hive,9,0,1,0,7
3,mixed,hive,9,0,1,1,1
3,mixed,hive,9,1,1,0,7
3,mixed,hive,9,1,1,1,1
3,mixed,hive,10,0,2,0,7
3,mixed,hive,10,0,2,2,1
3,mixed,hive,10,1,2,0,7
3,mixed,hive,10,1,2,2,1
3,mixed,hive,11,0,2,0,6
3,mixed,hive,11,0,2,1,2
3,mixed,hive,11,1,2,0,6
3,mixed,hive,11,1,2,1,2
3,mixed,hive,12,0,2,0,6
3,mixed,hive,12,0,2,1,2
3,mixed,hive,12,1,2,0,6
3,mixed,hive,12,1,2,1,2
3,mixed,hive,13,0,3,0,5
3,mixed,hive,13,0,3,1,3
3,mixed,hive,13,1,3,0,5
3,mixed,hive,13,1,3,1,3
3,mixed,hive,14,0,4,0,4
3,mixed,hive,14,0,4,1,4
3,mixed,hive,14,1,4,0,4
3,mixed,hive,14,1,4,1,4
3,mixed,hive,15,0,4,0,5
3,mixed,hive,15,0,4,1,2
3,mixed,hive,15,0,4,2,1
3,mixed,hive,15,1,4,0,5
3,mixed,hive,15,1,4,1,2
3,mixed,hive,15,1,4,2,1
3,mixed,hive,16,0,6,0,3
3,mixed,hive,16,0,6,1,4
3,mixed,hive,16,0,6,2,1
3,mixed,hive,16,1,6,0,3
3,mixed,hive,16,1,6,1,4
3,mixed,hive,16,1,6,2,1
3,mixed,hive,17,0,14,0,20
3,mixed,hive,17,0,14,1,11
3,mixed,hive,17,0,14,3,1
3,mixed,hive,17,1,14,0,20
3,mixed,hive,17,1,14,1,11
3,mixed,hive,17,1,14,3,1
3,mixed,hive,17,3,3,0,6
3,mixed,hive,17,3,3,1,1
3,mixed,hive,17,3,3,2,1
3,mixed,hive,18,0,26,0,47
3,mixed,hive,18,0,26,1,11
3,mixed,hive,18,0,26,2,4
3,mixed,hive,18,0,26,3,1
3,mixed,hive,18,0,26,4,1
3,mixed,hive,18,1,26,0,47
3,mixed,hive,18,1,26,1,11
3,mixed,hive,18,1,26,2,4
3,mixed,hive,18,1,26,3,1
3,mixed,hive,18,1,26,4,1
3,mixed,hive,18,3,6,0,4
3,mixed,hive,18,3,6,1,3
3,mixed,hive,18,3,6,3,1
3,mixed,hive,19,0,42,0,33
3,mixed,hive,19,0,42,1,22
3,mixed,hive,19,0,42,2,7
3,mixed,hive,19,0,42,3,2
3,mixed,hive,19,1,42,0,33
3,mixed,hive,19,1,42,1,22
3,mixed,hive,19,1,42,2,7
3,mixed,hive,19,1,42,3,2
3,mixed,hive,19,3,12,0,7
3,mixed,hive,19,3,12,1,7
3,mixed,hive,19,3,12,2,1
3,mixed,hive,19,3,12,3,1
3,mixed,hive,19,4,2,0,6
3,mixed,hive,19,4,2,1,2
3,mixed,hive,20,0,63,0,80
3,mixed,hive,20,0,63,1,34
3,mixed,hive,20,0,63,2,13
3,mixed,hive,20,0,63,3,1
3,mixed,hive,20,1,63,0,80
3,mixed,hive,20,1,63,1,34
3,mixed,hive,20,1,63,2,13
3,mixed,hive,20,1,63,3,1
3,mixed,hive,20,3,38,0,39
3,mixed,hive,20,3,38,1,15
3,mixed,hive,20,3,38,2,7
3,mixed,hive,20,3,38,3,3
3,mixed,hive,20,4,8,0,9
3,mixed,hive,20,4,8,1,6
3,mixed,hive,20,4,8,2,1
4,default,hive,1,0,1,0,7
4,default,hive,1,0,1,1,1
4,default,hive,1,1,1,0,7
4,default,hive,1,1,1,1,1
4,default,hive,2,0,1,0,7
4,default,hive,2,0,1,1,1
4,default,hive,2,1,1,0,7
4,default,hive,2,1,1,1,1
4,default,hive,3,0,1,0,7
4,default,hive,3,0,1,1,1
4,default,hive,3,1,1,0,7
4,default,hive,3,1,1,1,1
4,default,hive,4,0,1,0,7
4,default,hive,4,0,1,1,1
4,default,hive,4,1,1,0,7
4,default,hive,4,1,1,1,1
4,default,hive,5,0,1,0,7
4,default,hive,5,0,1,1,1
4,default,hive,5,1,1,0,7
4,default,hive,5,1,1,1,1
4,default,hive,6,0,1,0,7
4,default,hive,6,0,1,1,1
4,default,hive,6,1,1,0,7
4,default,hive,6,1,1,1,1
4,default,hive,7,0,1,0,7
4,default,hive,7,0,1,1,1
4,default,hive,7,1,1,0,7
4,default,hive,7,1,1,1,1
4,default,hive,8,0,1,0,7
4,default,hive,8,0,1,1,1
4,default,hive,8,1,1,0,7
4,default,hive,8,1,1,1,1
4,default,hive,9,0,1,0,7
4,default,hive,9,0,1,1,1
4,default,hive,9,1,1,0,7
4,default,hive,9,1,1,1,1
4,default,hive,10,0,2,0,7
4,default,hive,10,0,2,2,1
4,default,hive,10,1,2,0,7
4,default,hive,10,1,2,2,1
4,default,hive,11,0,2,0,7
4,default,hive,11,0,2,2,1
4,default,hive,11,1,2,0,7
4,default,hive,11,1,2,2,1
4,default,hive,12,0,2,0,7
4,default,hive,12,0,2,2,1
4,default,hive,12,1,2,0,7
4,default,hive,12,1,2,2,1
4,default,hive,13,0,3,0,7
4,default,hive,13,0,3,3,1
4,default,hive,13,1,3,0,7
4,default,hive,13,1,3,3,1
4,default,hive,14,0,4,0,7
4,default,hive,14,0,4,4,1
4,default,hive,14,1,4,0,7
4,default,hive,14,1,4,4,1
4,default,hive,15,0,4,0,7
4,default,hive,15,0,4,4,1
4,default,hive,15,1,4,0,7
4,default,hive,15,1,4,4,1
4,default,hive,16,0,6,0,7
4,default,hive,16,0,6,6,1
4,default,hive,16,1,6,0,7
4,default,hive,16,1,6,6,1
4,default,hive,17,0,34,0,63
4,default,hive,17,0,34,34,1
4,default,hive,17,1,68,0,127
4,default,hive,17,1,68,68,1
4,default,hive,17,2,34,0,63
4,default,hive,17,2,34,34,1
4,default,hive,17,3,68,0,127
4,default,hive,17,3,68,68,1
4,default,hive,17,4,68,0,127
4,default,hive,17,4,68,68,1
4,default,hive,17,5,68,0,127
4,default,hive,17,5,68,68,1
4,default,hive,17,6,68,0,127
4,default,hive,17,6,68,68,1
4,default,hive,17,7,67,0,127
4,default,hive,17,7,67,67,1
4,default,hive,18,0,44,0,63
4,default,hive,18,0,44,44,1
4,default,hive,18,1,68,0,127
4,default,hive,18,1,68,68,1
4,default,hive,18,2,44,0,63
4,default,hive,18,2,44,44,1
4,default,hive,18,3,68,0,127
4,default,hive,18,3,68,68,1
4,default,hive,18,4,68,0,127
4,default,hive,18,4,68,68,1
4,default,hive,18,5,68,0,127
4,default,hive,18,5,68,68,1
4,default,hive,18,6,68,0,127
4,default,hive,18,6,68,68,1
4,default,hive,18,7,67,0,127
4,default,hive,18,7,67,67,1
4,default,hive,19,0,44,0,63
4,default,hive,19,0,44,44,1
4,default,hive,19,1,68,0,127
4,default,hive,19,1,68,68,1
4,default,hive,19,2,44,0,63
4,default,hive,19,2,44,44,1
4,default,hive,19,3,68,0,127
4,default,hive,19,3,68,68,1
4,default,hive,19,4,68,0,127
4,default,hive,19,4,68,68,1
4,default,hive,19,5,68,0,127
4,default,hive,19,5,68,68,1
4,default,hive,19,6,68,0,127
4,default,hive,19,6,68,68,1
4,default,hive,19,7,67,0,127
4,default,hive,19,7,67,67,1
4,default,hive,20,0,57,0,127
4,default,hive,20,0,57,57,1
4,default,hive,20,1,68,0,127
4,default,hive,20,1,68,68,1
4,default,hive,20,2,57,0,127
4,default,hive,20,2,57,57,1
4,default,hive,20,3,68,0,127
4,default,hive,20,3,68,68,1
4,default,hive,20,4,68,0,127
4,default,hive,20,4,68,68,1
4,default,hive,20,5,68,0,127
4,default,hive,20,5,68,68,1
4,default,hive,20,6,68,0,127
4,default,hive,20,6,68,68,1
4,default,hive,20,7,67,0,127
4,default,hive,20,7,67,67,1
4,mixed,hive,1,0,1,0,7
4,mixed,hive,1,0,1,1,1
4,mixed,hive,1,1,1,0,7
4,mixed,hive,1,1,1,1,1
4,mixed,hive,2,0,1,0,7
4,mixed,hive,2,0,1,1,1
4,mixed,hive,2,1,1,0,7
4,mixed,hive,2,1,1,1,1
4,mixed,hive,3,0,1,0,7
4,mixed,hive,3,0,1,1,1
4,mixed,hive,3,1,1,0,7
4,mixed,hive,3,1,1,1,1
4,mixed,hive,4,0,1,0,7
4,mixed,hive,4,0,1,1,1
4,mixed,hive,4,1,1,0,7
4,mixed,hive,4,1,1,1,1
4,mixed,hive,5,0,1,0,7
4,mixed,hive,5,0,1,1,1
4,mixed,hive,5,1,1,0,7
4,mixed,hive,5,1,1,1,1
4,mixed,hive,6,0,1,0,7
4,mixed,hive,6,0,1,1,1
4,mixed,hive,6,1,1,0,7
4,mixed,hive,6,1,1,1,1
4,mixed,hive,7,0,1,0,7
4,mixed,hive,7,0,1,1,1
4,mixed,hive,7,1,1,0,7
4,mixed,hive,7,1,1,1,1
4,mixed,hive,8,0,1,0,7
4,mixed,hive,8,0,1,1,1
4,mixed,hive,8,1,1,0,7
4,mixed,hive,8,1,1,1,1
4,mixed,hive,9,0,1,0,7
4,mixed,hive,9,0,1,1,1
4,mixed,hive,9,1,1,0,7
4,mixed,hive,9,1,1,1,1
4,mixed,hive,10,0,2,0,7
4,mixed,hive,10,0,2,2,1
4,mixed,hive,10,1,2,0,7
4,mixed,hive,10,1,2,2,1
4,mixed,hive,11,0,2,0,6
4,mixed,hive,11,0,2,1,2
4,mixed,hive,11,1,2,0,6
4,mixed,hive,11,1,2,1,2
4,mixed,hive,12,0,2,0,6
4,mixed,hive,12,0,2,1,2
4,mixed,hive,12,1,2,0,6
4,mixed,hive,12,1,2,1,2
4,mixed,hive,13,0,3,0,5
4,mixed,hive,13,0,3,1,3
4,mixed,hive,13,1,3,0,5
4,mixed,hive,13,1,3,1,3
4,mixed,hive,14,0,4,0,4
4,mixed,hive,14,0,4,1,4
4,mixed,hive,14,1,4,0,4
4,mixed,hive,14,1,4,1,4
4,mixed,hive,15,0,4,0,5
4,mixed,hive,15,0,4,1,2
4,mixed,hive,15,0,4,2,1
4,mixed,hive,15,1,4,0,5
4,mixed,hive,15,1,4,1,2
4,mixed,hive,15,1,4,2,1
4,mixed,hive,16,0,6,0,3
4,mixed,hive,16,0,6,1,4
4,mixed,hive,16,0,6,2,1
4,mixed,hive,16,1,6,0,3
4,mixed,hive,16,1,6,1,4
4,mixed,hive,16,1,6,2,1
4,mixed,hive,17,0,14,0,20
4,mixed,hive,17,0,14,1,11
4,mixed,hive,17,0,14,3,1
4,mixed,hive,17,1,14,0,20
4,mixed,hive,17,1,14,1,11
4,mixed,hive,17,1,14,3,1
4,mixed,hive,17,3,3,0,6
4,mixed,hive,17,3,3,1,1
4,mixed,hive,17,3,3,2,1
4,mixed,hive,18,0,26,0,47
4,mixed,hive,18,0,26,1,11
4,mixed,hive,18,0,26,2,4
4,mixed,hive,18,0,26,3,1
4,mixed,hive,18,0,26,4,1
4,mixed,hive,18,1,26,0,47
4,mixed,hive,18,1,26,1,11
4,mixed,hive,18,1,26,2,4
4,mixed,hive,18,1,26,3,1
4,mixed,hive,18,1,26,4,1
4,mixed,hive,18,3,6,0,4
4,mixed,hive,18,3,6,1,3
4,mixed,hive,18,3,6,3,1
4,mixed,hive,19,0,42,0,33
4,mixed,hive,19,0,42,1,22
4,mixed,hive,19,0,42,2,7
4,mixed,hive,19,0,42,3,2
4,mixed,hive,19,1,42,0,33
4,mixed,hive,19,1,42,1,22
4,mixed,hive,19,1,42,2,7
4,mixed,hive,19,1,42,3,2
4,mixed,hive,19,3,12,0,7
4,mixed,hive,19,3,12,1,7
4,mixed,hive,19,3,12,2,1
4,mixed,hive,19,3,12,3,1
4,mixed,hive,19,4,2,0,6
4,mixed,hive,19,4,2,1,2
4,mixed,hive,20,0,63,0,80
4,mixed,hive,20,0,63,1,34
4,mixed,hive,20,0,63,2,13
4,mixed,hive,20,0,63,3,1
4,mixed,hive,20,1,63,0,80
4,mixed,hive,20,1,63,1,34
4,mixed,hive,20,1,63,2,13
4,mixed,hive,20,1,63,3,1
4,mixed,hive,20,3,38,0,39
4,mixed,hive,20,3,38,1,15
4,mixed,hive,20,3,38,2,7
4,mixed,hive,20,3,38,3,3
4,mixed,hive,20,4,8,0,9
4,mixed,hive,20,4,8,1,6
4,mixed,hive,20,4,8,2,1
5,default,hive,1,0,1,0,7
5,default,hive,1,0,1,1,1
5,default,hive,1,1,1,0,7
5,default,hive,1,1,1,1,1
5,default,hive,2,0,1,0,7
5,default,hive,2,0,1,1,1
5,default,hive,2,1,1,0,7
5,default,hive,2,1,1,1,1
5,default,hive,3,0,1,0,7
5,default,hive,3,0,1,1,1
5,default,hive,3,1,1,0,7
5,default,hive,3,1,1,1,1
5,default,hive,4,0,1,0,7
5,default,hive,4,0,1,1,1
5,default,hive,4,1,1,0,7
5,default,hive,4,1,1,1,1
5,default,hive,5,0,1,0,7
5,default,hive,5,0,1,1,1
5,default,hive,5,1,1,0,7
5,default,hive,5,1,1,1,1
5,default,hive,6,0,1,0,7
5,default,hive,6,0,1,1,1
5,default,hive,6,1,1,0,7
5,default,hive,6,1,1,1,1
5,default,hive,7,0,1,0,7
5,default,hive,7,0,1,1,1
5,default,hive,7,1,1,0,7
5,default,hive,7,1,1,1,1
5,default,hive,8,0,1,0,7
5,default,hive,8,0,1,1,1
5,default,hive,8,1,1,0,7
5,default,hive,8,1,1,1,1
5,default,hive,9,0,1,0,7
5,default,hive,9,0,1,1,1
5,default,hive,9,1,1,0,7
5,default,hive,9,1,1,1,1
5,default,hive,10,0,2,0,7
5,default,hive,10,0,2,2,1
5,default,hive,10,1,2,0,7
5,default,hive,10,1,2,2,1
5,default,hive,11,0,2,0,7
5,default,hive,11,0,2,2,1
5,default,hive,11,1,2,0,7
5,default,hive,11,1,2,2,1
5,default,hive,12,0,2,0,7
5,default,hive,12,0,2,2,1
5,default,hive,12,1,2,0,7
5,default,hive,12,1,2,2,1
5,default,hive,13,0,3,0,7
5,default,hive,13,0,3,3,1
5,default,hive,13,1,3,0,7
5,default,hive,13,1,3,3,1
5,default,hive,14,0,4,0,7
5,default,hive,14,0,4,4,1
5,default,hive,14,1,4,0,7
5,default,hive,14,1,4,4,1
5,default,hive,15,0,4,0,7
5,default,hive,15,0,4,4,1
5,default,hive,15,1,4,0,7
5,default,hive,15,1,4,4,1
5,default,hive,16,0,6,0,7
5,default,hive,16,0,6,6,1
5,default,hive,16,1,6,0,7
5,default,hive,16,1,6,6,1
5,default,hive,17,0,34,0,63
5,default,hive,17,0,34,34,1
5,default,hive,17,1,68,0,127
5,default,hive,17,1,68,68,1
5,default,hive,17,2,34,0,63
5,default,hive,17,2,34,34,1
5,default,hive,17,3,68,0,127
5,default,hive,17,3,68,68,1
5,default,hive,17,4,68,0,127
5,default,hive,17,4,68,68,1
5,default,hive,17,5,68,0,127
5,default,hive,17,5,68,68,1
5,default,hive,17,6,68,0,127
5,default,hive,17,6,68,68,1
5,default,hive,17,7,67,0,127
5,default,hive,17,7,67,67,1
5,default,hive,18,0,44,0,63
5,default,hive,18,0,44,44,1
5,default,hive,18,1,68,0,127
5,default,hive,18,1,68,68,1
5,default,hive,18,2,44,0,63
5,default,hive,18,2,44,44,1
5,default,hive,18,3,68,0,127
5,default,hive,18,3,68,68,1
5,default,hive,18,4,68,0,127
5,default,hive,18,4,68,68,1
5,default,hive,18,5,68,0,127
5,default,hive,18,5,68,68,1
5,default,hive,18,6,68,0,127
5,default,hive,18,6,68,68,1
5,default,hive,18,7,67,0,127
5,default,hive,18,7,67,67,1
5,default,hive,19,0,44,0,63
5,default,hive,19,0,44,44,1
5,default,hive,19,1,68,0,127
5,default,hive,19,1,68,68,1
5,default,hive,19,2,44,0,63
5,default,hive,19,2,44,44,1
5,default,hive,19,3,68,0,127
5,default,hive,19,3,68,68,1
5,default,hive,19,4,68,0,127
5,default,hive,19,4,68,68,1
5,default,hive,19,5,68,0,127
5,default,hive,19,5,68,68,1
5,default,hive,19,6,68,0,127
5,default,hive,19,6,68,68,1
5,default,hive,19,7,67,0,127
5,default,hive,19,7,67,67,1
5,default,hive,20,0,57,0,127
5,default,hive,20,0,57,57,1
5,default,hive,20,1,68,0,127
5,default,hive,20,1,68,68,1
5,default,hive,20,2,57,0,127
5,default,hive,20,2,57,57,1
5,default,hive,20,3,68,0,127
5,default,hive,20,3,68,68,1
5,default,hive,20,4,68,0,127
5,default,hive,20,4,68,68,1
5,default,hive,20,5,68,0,127
5,default,hive,20,5,68,68,1
5,default,hive,20,6,68,0,127
5,default,hive,20,6,68,68,1
5,default,hive,20,7,67,0,127
5,default,hive,20,7,67,67,1
5,mixed,hive,1,0,1,0,7
5,mixed,hive,1,0,1,1,1
5,mixed,hive,1,1,1,0,7
5,mixed,hive,1,1,1,1,1
5,mixed,hive,2,0,1,0,7
5,mixed,hive,2,0,1,1,1
5,mixed,hive,2,1,1,0,7
5,mixed,hive,2,1,1,1,1
5,mixed,hive,3,0,1,0,7
5,mixed,hive,3,0,1,1,1
5,mixed,hive,3,1,1,0,7
5,mixed,hive,3,1,1,1,1
5,mixed,hive,4,0,1,0,7
5,mixed,hive,4,0,1,1,1
5,mixed,hive,4,1,1,0,7
5,mixed,hive,4,1,1,1,1
5,mixed,hive,5,0,1,0,7
5,mixed,hive,5,0,1,1,1
5,mixed,hive,5,1,1,0,7
5,mixed,hive,5,1,1,1,1
5,mixed,hive,6,0,1,0,7
5,mixed,hive,6,0,1,1,1
5,mixed,hive,6,1,1,0,7
5,mixed,hive,6,1,1,1,1
5,mixed,hive,7,0,1,0,7
5,mixed,hive,7,0,1,1,1
5,mixed,hive,7,1,1,0,7
5,mixed,hive,7,1,1,1,1
5,mixed,hive,8,0,1,0,7
5,mixed,hive,8,0,1,1,1
5,mixed,hive,8,1,1,0,7
5,mixed,hive,8,1,1,1,1
5,mixed,hive,9,0,1,0,7
5,mixed,hive,9,0,1,1,1
5,mixed,hive,9,1,1,0,7
5,mixed,hive,9,1,1,1,1
5,mixed,hive,10,0,2,0,7
5,mixed,hive,10,0,2,2,1
5,mixed,hive,10,1,2,0,7
5,mixed,hive,10,1,2,2,1
5,mixed,hive,11,0,2,0,6
5,mixed,hive,11,0,2,1,2
5,mixed,hive,11,1,2,0,6
5,mixed,hive,11,1,2,1,2
5,mixed,hive,12,0,2,0,6
5,mixed,hive,12,0,2,1,2
5,mixed,hive,12,1,2,0,6
5,mixed,hive,12,1,2,1,2
5,mixed,hive,13,0,3,0,5
5,mixed,hive,13,0,3,1,3
5,mixed,hive,13,1,3,0,5
5,mixed,hive,13,1,3,1,3
5,mixed,hive,14,0,4,0,4
5,mixed,hive,14,0,4,1,4
5,mixed,hive,14,1,4,0,4
5,mixed,hive,14,1,4,1,4
5,mixed,hive,15,0,4,0,5
5,mixed,hive,15,0,4,1,2
5,mixed,hive,15,0,4,2,1
5,mixed,hive,15,1,4,0,5
5,mixed,hive,15,1,4,1,2
5,mixed,hive,15,1,4,2,1
5,mixed,hive,16,0,6,0,3
5,mixed,hive,16,0,6,1,4
5,mixed,hive,16,0,6,2,1
5,mixed,hive,16,1,6,0,3
5,mixed,hive,16,1,6,1,4
5,mixed,hive,16,1,6,2,1
5,mixed,hive,17,0,14,0,20
5,mixed,hive,17,0,14,1,11
5,mixed,hive,17,0,14,3,1
5,mixed,hive,17,1,14,0,20
5,mixed,hive,17,1,14,1,11
5,mixed,hive,17,1,14,3,1
5,mixed,hive,17,3,3,0,6
5,mixed,hive,17,3,3,1,1
5,mixed,hive,17,3,3,2,1
5,mixed,hive,18,0,26,0,47
5,mixed,hive,18,0,26,1,11
5,mixed,hive,18,0,26,2,4
5,mixed,hive,18,0,26,3,1
5,mixed,hive,18,0,26,4,1
5,mixed,hive,18,1,26,0,47
5,mixed,hive,18,1,26,1,11
5,mixed,hive,18,1,26,2,4
5,mixed,hive,18,1,26,3,1
5,mixed,hive,18,1,26,4,1
5,mixed,hive,18,3,6,0,4
5,mixed,hive,18,3,6,1,3
5,mixed,hive,18,3,6,3,1
5,mixed,hive,19,0,42,0,33
5,mixed,hive,19,0,42,1,22
5,mixed,hive,19,0,42,2,7
5,mixed,hive,19,0,42,3,2
5,mixed,hive,19,1,42,0,33
5,mixed,hive,19,1,42,1,22
5,mixed,hive,19,1,42,2,7
5,mixed,hive,19,1,42,3,2
5,mixed,hive,19,3,12,0,7
5,mixed,hive,19,3,12,1,7
5,mixed,hive,19,3,12,2,1
5,mixed,hive,19,3,12,3,1
5,mixed,hive,19,4,2,0,6
5,mixed,hive,19,4,2,1,2
5,mixed,hive,20,0,63,0,80
5,mixed,hive,20,0,63,1,34
5,mixed,hive,20,0,63,2,13
5,mixed,hive,20,0,63,3,1
5,mixed,hive,20,1,63,0,80
5,mixed,hive,20,1,63,1,34
5,mixed,hive,20,1,63,2,13
5,mixed,hive,20,1,63,3,1
5,mixed,hive,20,3,38,0,39
5,mixed,hive,20,3,38,1,15
5,mixed,hive,20,3,38,2,7
5,mixed,hive,20,3,38,3,3
5,mixed,hive,20,4,8,0,9
5,mixed,hive,20,4,8,1,6
5,mixed,hive,20,4,8,2,1
6,default,hive,1,0,1,0,7
6,default,hive,1,0,1,1,1
6,default,hive,1,1,1,0,7
6,default,hive,1,1,1,1,1
6,default,hive,2,0,1,0,7
6,default,hive,2,0,1,1,1
6,default,hive,2,1,1,0,7
6,default,hive,2,1,1,1,1
6,default,hive,3,0,1,0,7
6,default,hive,3,0,1,1,1
6,default,hive,3,1,1,0,7
6,default,hive,3,1,1,1,1
6,default,hive,4,0,1,0,7
6,default,hive,4,0,1,1,1
6,default,hive,4,1,1,0,7
6,default,hive,4,1,1,1,1
6,default,hive,5,0,1,0,7
6,default,hive,5,0,1,1,1
6,default,hive,5,1,1,0,7
6,default,hive,5,1,1,1,1
6,default,hive,6,0,1,0,7
6,default,hive,6,0,1,1,1
6,default,hive,6,1,1,0,7
6,default,hive,6,1,1,1,1
6,default,hive,7,0,1,0,7
6,default,hive,7,0,1,1,1
6,default,hive,7,1,1,0,7
6,default,hive,7,1,1,1,1
6,default,hive,8,0,1,0,7
6,default,hive,8,0,1,1,1
6,default,hive,8,1,1,0,7
6,default,hive,8,1,1,1,1
6,default,hive,9,0,1,0,7
6,default,hive,9,0,1,1,1
6,default,hive,9,1,1,0,7
6,default,hive,9,1,1,1,1
6,default,hive,10,0,2,0,7
6,default,hive,10,0,2,2,1
6,default,hive,10,1,2,0,7
6,default,hive,10,1,2,2,1
6,default,hive,11,0,2,0,7
6,default,hive,11,0,2,2,1
6,default,hive,11,1,2,0,7
6,default,hive,11,1,2,2,1
6,default,hive,12,0,2,0,7
6,default,hive,12,0,2,2,1
6,default,hive,12,1,2,0,7
6,default,hive,12,1,2,2,1
6,default,hive,13,0,3,0,7
6,default,hive,13,0,3,3,1
6,default,hive,13,1,3,0,7
6,default,hive,13,1,3,3,1
6,default,hive,14,0,4,0,7
6,default,hive,14,0,4,4,1
6,default,hive,14,1,4,0,7
6,default,hive,14,1,4,4,1
6,default,hive,15,0,4,0,7
6,default,hive,15,0,4,4,1
6,default,hive,15,1,4,0,7
6,default,hive,15,1,4,4,1
6,default,hive,16,0,6,0,7
6,default,hive,16,0,6,6,1
6,default,hive,16,1,6,0,7
6,default,hive,16,1,6,6,1
6,default,hive,17,0,34,0,63
6,default,hive,17,0,34,34,1
6,default,hive,17,1,68,0,127
6,default,hive,17,1,68,68,1
6,default,hive,17,2,34,0,63
6,default,hive,17,2,34,34,1
6,default,hive,17,3,68,0,127
6,default,hive,17,3,68,68,1
6,default,hive,17,4,68,0,127
6,default,hive,17,4,68,68,1
6,default,hive,17,5,68,0,127
6,default,hive,17,5,68,68,1
6,default,hive,17,6,68,0,127
6,default,hive,17,6,68,68,1
6,default,hive,17,7,67,0,127
6,default,hive,17,7,67,67,1
6,default,hive,18,0,44,0,63
6,default,hive,18,0,44,44,1
6,default,hive,18,1,68,0,127
6,default,hive,18,1,68,68,1
6,default,hive,18,2,44,0,63
6,default,hive,18,2,44,44,1
6,default,hive,18,3,68,0,127
6,default,hive,18,3,68,68,1
6,default,hive,18,4,68,0,127
6,default,hive,18,4,68,68,1
6,default,hive,18,5,68,0,127
6,default,hive,18,5,68,68,1
6,default,hive,18,6,68,0,127
6,default,hive,18,6,68,68,1
6,default,hive,18,7,67,0,127
6,default,hive,18,7,67,67,1
6,default,hive,19,0,44,0,63
6,default,hive,19,0,44,44,1
6,default,hive,19,1,68,0,127
6,default,hive,19,1,68,68,1
6,default,hive,19,2,44,0,63
6,default,hive,19,2,44,44,1
6,default,hive,19,3,68,0,127
6,default,hive,19,3,68,68,1
6,default,hive,19,4,68,0,127
6,default,hive,19,4,68,68,1
6,default,hive,19,5,68,0,127
6,default,hive,19,5,68,68,1
6,default,hive,19,6,68,0,127
6,default,hive,19,6,68,68,1
6,default,hive,19,7,67,0,127
6,default,hive,19,7,67,67,1
6,default,hive,20,0,57,0,127
6,default,hive,20,0,57,57,1
6,default,hive,20,1,68,0,127
6,default,hive,20,1,68,68,1
6,default,hive,20,2,57,0,127
6,default,hive,20,2,57,57,1
6,default,hive,20,3,68,0,127
6,default,hive,20,3,68,68,1
6,default,hive,20,4,68,0,127
6,default,hive,20,4,68,68,1
6,default,hive,20,5,68,0,127
6,default,hive,20,5,68,68,1
6,default,hive,20,6,68,0,127
6,default,hive,20,6,68,68,1
6,default,hive,20,7,67,0,127
6,default,hive,20,7,67,67,1
6,mixed,hive,1,0,1,0,7
6,mixed,hive,1,0,1,1,1
6,mixed,hive,1,1,1,0,7
6,mixed,hive,1,1,1,1,1
6,mixed,hive,2,0,1,0,7
6,mixed,hive,2,0,1,1,1
6,mixed,hive,2,1,1,0,7
6,mixed,hive,2,1,1,1,1
6,mixed,hive,3,0,1,0,7
6,mixed,hive,3,0,1,1,1
6,mixed,hive,3,1,1,0,7
6,mixed,hive,3,1,1,1,1
6,mixed,hive,4,0,1,0,7
6,mixed,hive,4,0,1,1,1
6,mixed,hive,4,1,1,0,7
6,mixed,hive,4,1,1,1,1
6,mixed,hive,5,0,1,0,7
6,mixed,hive,5,0,1,1,1
6,mixed,hive,5,1,1,0,7
6,mixed,hive,5,1,1,1,1
6,mixed,hive,6,0,1,0,7
6,mixed,hive,6,0,1,1,1
6,mixed,hive,6,1,1,0,7
6,mixed,hive,6,1,1,1,1
6,mixed,hive,7,0,1,0,7
6,mixed,hive,7,0,1,1,1
6,mixed,hive,7,1,1,0,7
6,mixed,hive,7,1,1,1,1
6,mixed,hive,8,0,1,0,7
6,mixed,hive,8,0,1,1,1
6,mixed,hive,8,1,1,0,7
6,mixed,hive,8,1,1,1,1
6,mixed,hive,9,0,1,0,7
6,mixed,hive,9,0,1,1,1
6,mixed,hive,9,1,1,0,7
6,mixed,hive,9,1,1,1,1
6,mixed,hive,10,0,2,0,7
6,mixed,hive,10,0,2,2,1
6,mixed,hive,10,1,2,0,7
6,mixed,hive,10,1,2,2,1
6,mixed,hive,11,0,2,0,6
6,mixed,hive,11,0,2,1,2
6,mixed,hive,11,1,2,0,6
6,mixed,hive,11,1,2,1,2
6,mixed,hive,12,0,2,0,6
6,mixed,hive,12,0,2,1,2
6,mixed,hive,12,1,2,0,6
6,mixed,hive,12,1,2,1,2
6,mixed,hive,13,0,3,0,5
6,mixed,hive,13,0,3,1,3
6,mixed,hive,13,1,3,0,5
6,mixed,hive,13,1,3,1,3
6,mixed,hive,14,0,4,0,4
6,mixed,hive,14,0,4,1,4
6,mixed,hive,14,1,4,0,4
6,mixed,hive,14,1,4,1,4
6,mixed,hive,15,0,4,0,5
6,mixed,hive,15,0,4,1,2
6,mixed,hive,15,0,4,2,1
6,mixed,hive,15,1,4,0,5
6,mixed,hive,15,1,4,1,2
6,mixed,hive,15,1,4,2,1
6,mixed,hive,16,0,6,0,3
6,mixed,hive,16,0,6,1,4
6,mixed,hive,16,0,6,2,1
6,mixed,hive,16,1,6,0,3
6,mixed,hive,16,1,6,1,4
6,mixed,hive,16,1,6,2,1
6,mixed,hive,17,0,14,0,20
6,mixed,hive,17,0,14,1,11
6,mixed,hive,17,0,14,3,1
6,mixed,hive,17,1,14,0,20
6,mixed,hive,17,1,14,1,11
6,mixed,hive,17,1,14,3,1
6,mixed,hive,17,3,3,0,6
6,mixed,hive,17,3,3,1,1
6,mixed,hive,17,3,3,2,1
6,mixed,hive,18,0,26,0,47
6,mixed,hive,18,0,26,1,11
6,mixed,hive,18,0,26,2,4
6,mixed,hive,18,0,26,3,1
6,mixed,hive,18,0,26,4,1
6,mixed,hive,18,1,26,0,47
6,mixed,hive,18,1,26,1,11
6,mixed,hive,18,1,26,2,4
6,mixed,hive,18,1,26,3,1
6,mixed,hive,18,1,26,4,1
6,mixed,hive,18,3,6,0,4
6,mixed,hive,18,3,6,1,3
6,mixed,hive,18,3,6,3,1
6,mixed,hive,19,0,42,0,33
6,mixed,hive,19,0,42,1,22
6,mixed,hive,19,0,42,2,7
6,mixed,hive,19,0,42,3,2
6,mixed,hive,19,1,42,0,33
6,mixed,hive,19,1,42,1,22
6,mixed,hive,19,1,42,2,7
6,mixed,hive,19,1,42,3,2
6,mixed,hive,19,3,12,0,7
6,mixed,hive,19,3,12,1,7
6,mixed,hive,19,3,12,2,1
6,mixed,hive,19,3,12,3,1
6,mixed,hive,19,4,2,0,6
6,mixed,hive,19,4,2,1,2
6,mixed,hive,20,0,63,0,80
6,mixed,hive,20,0,63,1,34
6,mixed,hive,20,0,63,2,13
6,mixed,hive,20,0,63,3,1
6,mixed,hive,20,1,63,0,80
6,mixed,hive,20,1,63,1,34
6,mixed,hive,20,1,63,2,13
6,mixed,hive,20,1,63,3,1
6,mixed,hive,20,3,38,0,39
6,mixed,hive,20,3,38,1,15
6,mixed,hive,20,3,38,2,7
6,mixed,hive,20,3,38,3,3
6,mixed,hive,20,4,8,0,9
6,mixed,hive,20,4,8,1,6
6,mixed,hive,20,4,8,2,1
7,default,hive,1,0,1,0,7
7,default,hive,1,0,1,1,1
7,default,hive,1,1,1,0,7
7,default,hive,1,1,1,1,1
7,default,hive,2,0,1,0,7
7,default,hive,2,0,1,1,1
7,default,hive,2,1,1,0,7
7,default,hive,2,1,1,1,1
7,default,hive,3,0,1,0,7
7,default,hive,3,0,1,1,1
7,default,hive,3,1,1,0,7
7,default,hive,3,1,1,1,1
7,default,hive,4,0,1,0,7
7,default,hive,4,0,1,1,1
7,default,hive,4,1,1,0,7
7,default,hive,4,1,1,1,1
7,default,hive,5,0,1,0,7
7,default,hive,5,0,1,1,1
7,default,hive,5,1,1,0,7
7,default,hive,5,1,1,1,1
7,default,hive,6,0,1,0,7
7,default,hive,6,0,1,1,1
7,default,hive,6,1,1,0,7
7,default,hive,6,1,1,1,1
7,default,hive,7,0,1,0,7
7,default,hive,7,0,1,1,1
7,default,hive,7,1,1,0,7
7,default,hive,7,1,1,1,1
7,default,hive,8,0,1,0,7
7,default,hive,8,0,1,1,1
7,default,hive,8,1,1,0,7
7,default,hive,8,1,1,1,1
7,default,hive,9,0,1,0,7
7,default,hive,9,0,1,1,1
7,default,hive,9,1,1,0,7
7,default,hive,9,1,1,1,1
7,default,hive,10,0,2,0,7
7,default,hive,10,0,2,2,1
7,default,hive,10,1,2,0,7
7,default,hive,10,1,2,2,1
7,default,hive,11,0,2,0,7
7,default,hive,11,0,2,2,1
7,default,hive,11,1,2,0,7
7,default,hive,11,1,2,2,1
7,default,hive,12,0,2,0,7
7,default,hive,12,0,2,2,1
7,default,hive,12,1,2,0,7
7,default,hive,12,1,2,2,1
7,default,hive,13,0,3,0,7
7,default,hive,13,0,3,3,1
7,default,hive,13,1,3,0,7
7,default,hive,13,1,3,3,1
7,default,hive,14,0,4,0,7
7,default,hive,14,0,4,4,1
7,default,hive,14,1,4,0,7
7,default,hive,14,1,4,4,1
7,default,hive,15,0,4,0,7
7,default,hive,15,0,4,4,1
7,default,hive,15,1,4,0,7
7,default,hive,15,1,4,4,1
7,default,hive,16,0,6,0,7
7,default,hive,16,0,6,6,1
7,default,hive,16,1,6,0,7
7,default,hive,16,1,6,6,1
7,default,hive,17,0,34,0,63
7,default,hive,17,0,34,34,1
7,default,hive,17,1,68,0,127
7,default,hive,17,1,68,68,1
7,default,hive,17,2,34,0,63
7,default,hive,17,2,34,34,1
7,default,hive,17,3,68,0,127
7,default,hive,17,3,68,68,1
7,default,hive,17,4,68,0,127
7,default,hive,17,4,68,68,1
7,default,hive,17,5,68,0,127
7,default,hive,17,5,68,68,1
7,default,hive,17,6,68,0,127
7,default,hive,17,6,68,68,1
7,default,hive,17,7,67,0,127
7,default,hive,17,7,67,67,1
7,default,hive,18,0,44,0,63
7,default,hive,18,0,44,44,1
7,default,hive,18,1,68,0,127
7,default,hive,18,1,68,68,1
7,default,hive,18,2,44,0,63
7,default,hive,18,2,44,44,1
7,default,hive,18,3,68,0,127
7,default,hive,18,3,68,68,1
7,default,hive,18,4,68,0,127
7,default,hive,18,4,68,68,1
7,default,hive,18,5,68,0,127
7,default,hive,18,5,68,68,1
7,default,hive,18,6,68,0,127
7,default,hive,18,6,68,68,1
7,default,hive,18,7,67,0,127
7,default,hive,18,7,67,67,1
7,default,hive,19,0,44,0,63
7,default,hive,19,0,44,44,1
7,default,hive,19,1,68,0,127
7,default,hive,19,1,68,68,1
7,default,hive,19,2,44,0,63
7,default,hive,19,2,44,44,1
7,default,hive,19,3,68,0,127
7,default,hive,19,3,68,68,1
7,default,hive,19,4,68,0,127
7,default,hive,19,4,68,68,1
7,default,hive,19,5,68,0,127
7,default,hive,19,5,68,68,1
7,default,hive,19,6,68,0,127
7,default,hive,19,6,68,68,1
7,default,hive,19,7,67,0,127
7,default,hive,19,7,67,67,1
7,default,hive,20,0,57,0,127
7,default,hive,20,0,57,57,1
7,default,hive,20,1,68,0,127
7,default,hive,20,1,68,68,1
7,default,hive,20,2,57,0,127
7,default,hive,20,2,57,57,1
7,default,hive,20,3,68,0,127
7,default,hive,20,3,68,68,1
7,default,hive,20,4,68,0,127
7,default,hive,20,4,68,68,1
7,default,hive,20,5,68,0,127
7,default,hive,20,5,68,68,1
7,default,hive,20,6,68,0,127
7,default,hive,20,6,68,68,1
7,default,hive,20,7,67,0,127
7,default,hive,20,7,67,67,1
7,mixed,hive,1,0,1,0,7
7,mixed,hive,1,0,1,1,1
7,mixed,hive,1,1,1,0,7
7,mixed,hive,1,1,1,1,1
7,mixed,hive,2,0,1,0,7
7,mixed,hive,2,0,1,1,1
7,mixed,hive,2,1,1,0,7
7,mixed,hive,2,1,1,1,1
7,mixed,hive,3,0,1,0,7
7,mixed,hive,3,0,1,1,1
7,mixed,hive,3,1,1,0,7
7,mixed,hive,3,1,1,1,1
7,mixed,hive,4,0,1,0,7
7,mixed,hive,4,0,1,1,1
7,mixed,hive,4,1,1,0,7
7,mixed,hive,4,1,1,1,1
7,mixed,hive,5,0,1,0,7
7,mixed,hive,5,0,1,1,1
7,mixed,hive,5,1,1,0,7
7,mixed,hive,5,1,1,1,1
7,mixed,hive,6,0,1,0,7
7,mixed,hive,6,0,1,1,1
7,mixed,hive,6,1,1,0,7
7,mixed,hive,6,1,1,1,1
7,mixed,hive,7,0,1,0,7
7,mixed,hive,7,0,1,1,1
7,mixed,hive,7,1,1,0,7
7,mixed,hive,7,1,1,1,1
7,mixed,hive,8,0,1,0,7
7,mixed,hive,8,0,1,1,1
7,mixed,hive,8,1,1,0,7
7,mixed,hive,8,1,1,1,1
7,mixed,hive,9,0,1,0,7
7,mixed,hive,9,0,1,1,1
7,mixed,hive,9,1,1,0,7
7,mixed,hive,9,1,1,1,1
7,mixed,hive,10,0,2,0,7
7,mixed,hive,10,0,2,2,1
7,mixed,hive,10,1,2,0,7
7,mixed,hive,10,1,2,2,1
7,mixed,hive,11,0,2,0,6
7,mixed,hive,11,0,2,1,2
7,mixed,hive,11,1,2,0,6
7,mixed,hive,11,1,2,1,2
7,mixed,hive,12,0,2,0,6
7,mixed,hive,12,0,2,1,2
7,mixed,hive,12,1,2,0,6
7,mixed,hive,12,1,2,1,2
7,mixed,hive,13,0,3,0,5
7,mixed,hive,13,0,3,1,3
7,mixed,hive,13,1,3,0,5
7,mixed,hive,13,1,3,1,3
7,mixed,hive,14,0,4,0,4
7,mixed,hive,14,0,4,1,4
7,mixed,hive,14,1,4,0,4
7,mixed,hive,14,1,4,1,4
7,mixed,hive,15,0,4,0,5
7,mixed,hive,15,0,4,1,2
7,mixed,hive,15,0,4,2,1
7,mixed,hive,15,1,4,0,5
7,mixed,hive,15,1,4,1,2
7,mixed,hive,15,1,4,2,1
7,mixed,hive,16,0,6,0,3
7,mixed,hive,16,0,6,1,4
7,mixed,hive,16,0,6,2,1
7,mixed,hive,16,1,6,0,3
7,mixed,hive,16,1,6,1,4
7,mixed,hive,16,1,6,2,1
7,mixed,hive,17,0,14,0,20
7,mixed,hive,17,0,14,1,11
7,mixed,hive,17,0,14,3,1
7,mixed,hive,17,1,14,0,20
7,mixed,hive,17,1,14,1,11
7,mixed,hive,17,1,14,3,1
7,mixed,hive,17,3,3,0,6
7,mixed,hive,17,3,3,1,1
7,mixed,hive,17,3,3,2,1
7,mixed,hive,18,0,26,0,47
7,mixed,hive,18,0,26,1,11
7,mixed,hive,18,0,26,2,4
7,mixed,hive,18,0,26,3,1
7,mixed,hive,18,0,26,4,1
7,mixed,hive,18,1,26,0,47
7,mixed,hive,18,1,26,1,11
7,mixed,hive,18,1,26,2,4
7,mixed,hive,18,1,26,3,1
7,mixed,hive,18,1,26,4,1
7,mixed,hive,18,3,6,0,4
7,mixed,hive,18,3,6,1,3
7,mixed,hive,18,3,6,3,1
7,mixed,hive,19,0,42,0,33
7,mixed,hive,19,0,42,1,22
7,mixed,hive,19,0,42,2,7
7,mixed,hive,19,0,42,3,2
7,mixed,hive,19,1,42,0,33
7,mixed,hive,19,1,42,1,22
7,mixed,hive,19,1,42,2,7
7,mixed,hive,19,1,42,3,2
7,mixed,hive,19,3,12,0,7
7,mixed,hive,19,3,12,1,7
7,mixed,hive,19,3,12,2,1
7,mixed,hive,19,3,12,3,1
7,mixed,hive,19,4,2,0,6
7,mixed,hive,19,4,2,1,2
7,mixed,hive,20,0,63,0,80
7,mixed,hive,20,0,63,1,34
7,mixed,hive,20,0,63,2,13
7,mixed,hive,20,0,63,3,1
7,mixed,hive,20,1,63,0,80
7,mixed,hive,20,1,63,1,34
7,mixed,hive,20,1,63,2,13
7,mixed,hive,20,1,63,3,1
7,mixed,hive,20,3,38,0,39
7,mixed,hive,20,3,38,1,15
7,mixed,hive,20,3,38,2,7
7,mixed,hive,20,3,38,3,3
7,mixed,hive,20,4,8,0,9
7,mixed,hive,20,4,8,1,6
7,mixed,hive,20,4,8,2,1
8,default,hive,1,0,1,0,7
8,default,hive,1,0,1,1,1
8,default,hive,1,1,1,0,7
8,default,hive,1,1,1,1,1
8,default,hive,2,0,1,0,7
8,default,hive,2,0,1,1,1
8,default,hive,2,1,1,0,7
8,default,hive,2,1,1,1,1
8,default,hive,3,0,1,0,7
8,default,hive,3,0,1,1,1
8,default,hive,3,1,1,0,7
8,default,hive,3,1,1,1,1
8,default,hive,4,0,1,0,7
8,default,hive,4,0,1,1,1
8,default,hive,4,1,1,0,7
8,default,hive,4,1,1,1,1
8,default,hive,5,0,1,0,7
8,default,hive,5,0,1,1,1
8,default,hive,5,1,1,0,7
8,default,hive,5,1,1,1,1
8,default,hive,6,0,1,0,7
8,default,hive,6,0,1,1,1
8,default,hive,6,1,1,0,7
8,default,hive,6,1,1,1,1
8,default,hive,7,0,1,0,7
8,default,hive,7,0,1,1,1
8,default,hive,7,1,1,0,7
8,default,hive,7,1,1,1,1
8,default,hive,8,0,1,0,7
8,default,hive,8,0,1,1,1
8,default,hive,8,1,1,0,7
8,default,hive,8,1,1,1,1
8,default,hive,9,0,1,0,7
8,default,hive,9,0,1,1,1
8,default,hive,9,1,1,0,7
8,default,hive,9,1,1,1,1
8,default,hive,10,0,2,0,7
8,default,hive,10,0,2,2,1
8,default,hive,10,1,2,0,7
8,default,hive,10,1,2,2,1
8,default,hive,11,0,2,0,7
8,default,hive,11,0,2,2,1
8,default,hive,11,1,2,0,7
8,default,hive,11,1,2,2,1
8,default,hive,12,0,2,0,7
8,default,hive,12,0,2,2,1
8,default,hive,12,1,2,0,7
8,default,hive,12,1,2,2,1
8,default,hive,13,0,3,0,7
8,default,hive,13,0,3,3,1
8,default,hive,13,1,3,0,7
8,default,hive,13,1,3,3,1
8,default,hive,14,0,4,0,7
8,default,hive,14,0,4,4,1
8,default,hive,14,1,4,0,7
8,default,hive,14,1,4,4,1
8,default,hive,15,0,4,0,7
8,default,hive,15,0,4,4,1
8,default,hive,15,1,4,0,7
8,default,hive,15,1,4,4,1
8,default,hive,16,0,6,0,7
8,default,hive,16,0,6,6,1
8,default,hive,16,1,6,0,7
8,default,hive,16,1,6,6,1
8,default,hive,17,0,34,0,63
8,default,hive,17,0,34,34,1
8,default,hive,17,1,68,0,127
8,default,hive,17,1,68,68,1
8,default,hive,17,2,34,0,63
8,default,hive,17,2,34,34,1
8,default,hive,17,3,68,0,127
8,default,hive,17,3,68,68,1
8,default,hive,17,4,68,0,127
8,default,hive,17,4,68,68,1
8,default,hive,17,5,68,0,127
8,default,hive,17,5,68,68,1
8,default,hive,17,6,68,0,127
8,default,hive,17,6,68,68,1
8,default,hive,17,7,67,0,127
8,default,hive,17,7,67,67,1
8,default,hive,18,0,44,0,63
8,default,hive,18,0,44,44,1
8,default,hive,18,1,68,0,127
8,default,hive,18,1,68,68,1
8,default,hive,18,2,44,0,63
8,default,hive,18,2,44,44,1
8,default,hive,18,3,68,0,127
8,default,hive,18,3,68,68,1
8,default,hive,18,4,68,0,127
8,default,hive,18,4,68,68,1
8,default,hive,18,5,68,0,127
8,default,hive,18,5,68,68,1
8,default,hive,18,6,68,0,127
8,default,hive,18,6,68,68,1
8,default,hive,18,7,67,0,127
8,default,hive,18,7,67,67,1
8,default,hive,19,0,44,0,63
8,default,hive,19,0,44,44,1
8,default,hive,19,1,68,0,127
8,default,hive,19,1,68,68,1
8,default,hive,19,2,44,0,63
8,default,hive,19,2,44,44,1
8,default,hive,19,3,68,0,127
8,default,hive,19,3,68,68,1
8,default,hive,19,4,68,0,127
8,default,hive,19,4,68,68,1
8,default,hive,19,5,68,0,127
8,default,hive,19,5,68,68,1
8,default,hive,19,6,68,0,127
8,default,hive,19,6,68,68,1
8,default,hive,19,7,67,0,127
8,default,hive,19,7,67,67,1
8,default,hive,20,0,57,0,127
8,default,hive,20,0,57,57,1
8,default,hive,20,1,68,0,127
8,default,hive,20,1,68,68,1
8,default,hive,20,2,57,0,127
8,default,hive,20,2,57,57,1
8,default,hive,20,3,68,0,127
8,default,hive,20,3,68,68,1
8,default,hive,20,4,68,0,127
8,default,hive,20,4,68,68,1
8,default,hive,20,5,68,0,127
8,default,hive,20,5,68,68,1
8,default,hive,20,6,68,0,127
8,default,hive,20,6,68,68,1
8,default,hive,20,7,67,0,127
8,default,hive,20,7,67,67,1
8,mixed,hive,1,0,1,0,7
8,mixed,hive,1,0,1,1,1
8,mixed,hive,1,1,1,0,7
8,mixed,hive,1,1,1,1,1
8,mixed,hive,2,0,1,0,7
8,mixed,hive,2,0,1,1,1
8,mixed,hive,2,1,1,0,7
8,mixed,hive,2,1,1,1,1
8,mixed,hive,3,0,1,0,7
8,mixed,hive,3,0,1,1,1
8,mixed,hive,3,1,1,0,7
8,mixed,hive,3,1,1,1,1
8,mixed,hive,4,0,1,0,7
8,mixed,hive,4,0,1,1,1
8,mixed,hive,4,1,1,0,7
8,mixed,hive,4,1,1,1,1
8,mixed,hive,5,0,1,0,7
8,mixed,hive,5,0,1,1,1
8,mixed,hive,5,1,1,0,7
8,mixed,hive,5,1,1,1,1
8,mixed,hive,6,0,1,0,7
8,mixed,hive,6,0,1,1,1
8,mixed,hive,6,1,1,0,7
8,mixed,hive,6,1,1,1,1
8,mixed,hive,7,0,1,0,7
8,mixed,hive,7,0,1,1,1
8,mixed,hive,7,1,1,0,7
8,mixed,hive,7,1,1,1,1
8,mixed,hive,8,0,1,0,7
8,mixed,hive,8,0,1,1,1
8,mixed,hive,8,1,1,0,7
8,mixed,hive,8,1,1,1,1
8,mixed,hive,9,0,1,0,7
8,mixed,hive,9,0,1,1,1
8,mixed,hive,9,1,1,0,7
8,mixed,hive,9,1,1,1,1
8,mixed,hive,10,0,2,0,7
8,mixed,hive,10,0,2,2,1
8,mixed,hive,10,1,2,0,7
8,mixed,hive,10,1,2,2,1
8,mixed,hive,11,0,2,0,6
8,mixed,hive,11,0,2,1,2
8,mixed,hive,11,1,2,0,6
8,mixed,hive,11,1,2,1,2
8,mixed,hive,12,0,2,0,6
8,mixed,hive,12,0,2,1,2
8,mixed,hive,12,1,2,0,6
8,mixed,hive,12,1,2,1,2
8,mixed,hive,13,0,3,0,5
8,mixed,hive,13,0,3,1,3
8,mixed,hive,13,1,3,0,5
8,mixed,hive,13,1,3,1,3
8,mixed,hive,14,0,4,0,4
8,mixed,hive,14,0,4,1,4
8,mixed,hive,14,1,4,0,4
8,mixed,hive,14,1,4,1,4
8,mixed,hive,15,0,4,0,5
8,mixed,hive,15,0,4,1,2
8,mixed,hive,15,0,4,2,1
8,mixed,hive,15,1,4,0,5
8,mixed,hive,15,1,4,1,2
8,mixed,hive,15,1,4,2,1
8,mixed,hive,16,0,6,0,3
8,mixed,hive,16,0,6,1,4
8,mixed,hive,16,0,6,2,1
8,mixed,hive,16,1,6,0,3
8,mixed,hive,16,1,6,1,4
8,mixed,hive,16,1,6,2,1
8,mixed,hive,17,0,14,0,20
8,mixed,hive,17,0,14,1,11
8,mixed,hive,17,0,14,3,1
8,mixed,hive,17,1,14,0,20
8,mixed,hive,17,1,14,1,11
8,mixed,hive,17,1,14,3,1
8,mixed,hive,17,3,3,0,6
8,mixed,hive,17,3,3,1,1
8,mixed,hive,17,3,3,2,1
8,mixed,hive,18,0,26,0,47
8,mixed,hive,18,0,26,1,11
8,mixed,hive,18,0,26,2,4
8,mixed,hive,18,0,26,3,1
8,mixed,hive,18,0,26,4,1
8,mixed,hive,18,1,26,0,47
8,mixed,hive,18,1,26,1,11
8,mixed,hive,18,1,26,2,4
8,mixed,hive,18,1,26,3,1
8,mixed,hive,18,1,26,4,1
8,mixed,hive,18,3,6,0,4
8,mixed,hive,18,3,6,1,3
8,mixed,hive,18,3,6,3,1
8,mixed,hive,19,0,42,0,33
8,mixed,hive,19,0,42,1,22
8,mixed,hive,19,0,42,2,7
8,mixed,hive,19,0,42,3,2
8,mixed,hive,19,1,42,0,33
8,mixed,hive,19,1,42,1,22
8,mixed,hive,19,1,42,2,7
8,mixed,hive,19,1,42,3,2
8,mixed,hive,19,3,12,0,7
8,mixed,hive,19,3,12,1,7
8,mixed,hive,19,3,12,2,1
8,mixed,hive,19,3,12,3,1
8,mixed,hive,19,4,2,0,6
8,mixed,hive,19,4,2,1,2
8,mixed,hive,20,0,63,0,80
8,mixed,hive,20,0,63,1,34
8,mixed,hive,20,0,63,2,13
8,mixed,hive,20,0,63,3,1
8,mixed,hive,20,1,63,0,80
8,mixed,hive,20,1,63,1,34
8,mixed,hive,20,1,63,2,13
8,mixed,hive,20,1,63,3,1
8,mixed,hive,20,3,38,0,39
8,mixed,hive,20,3,38,1,15
8,mixed,hive,20,3,38,2,7
8,mixed,hive,20,3,38,3,3
8,mixed,hive,20,4,8,0,9
8,mixed,hive,20,4,8,1,6
8,mixed,hive,20,4,8,2,1
9,default,hive,1,0,1,0,7
9,default,hive,1,0,1,1,1
9,default,hive,1,1,1,0,7
9,default,hive,1,1,1,1,1
9,default,hive,2,0,1,0,7
9,default,hive,2,0,1,1,1
9,default,hive,2,1,1,0,7
9,default,hive,2,1,1,1,1
9,default,hive,3,0,1,0,7
9,default,hive,3,0,1,1,1
9,default,hive,3,1,1,0,7
9,default,hive,3,1,1,1,1
9,default,hive,4,0,1,0,7
9,default,hive,4,0,1,1,1
9,default,hive,4,1,1,0,7
9,default,hive,4,1,1,1,1
9,default,hive,5,0,1,0,7
9,default,hive,5,0,1,1,1
9,default,hive,5,1,1,0,7
9,default,hive,5,1,1,1,1
9,default,hive,6,0,1,0,7
9,default,hive,6,0,1,1,1
9,default,hive,6,1,1,0,7
9,default,hive,6,1,1,1,1
9,default,hive,7,0,1,0,7
9,default,hive,7,0,1,1,1
9,default,hive,7,1,1,0,7
9,default,hive,7,1,1,1,1
9,default,hive,8,0,1,0,7
9,default,hive,8,0,1,1,1
9,default,hive,8,1,1,0,7
9,default,hive,8,1,1,1,1
9,default,hive,9,0,1,0,7
9,default,hive,9,0,1,1,1
9,default,hive,9,1,1,0,7
9,default,hive,9,1,1,1,1
9,default,hive,10,0,2,0,7
9,default,hive,10,0,2,2,1
9,default,hive,10,1,2,0,7
9,default,hive,10,1,2,2,1
9,default,hive,11,0,2,0,7
9,default,hive,11,0,2,2,1
9,default,hive,11,1,2,0,7
9,default,hive,11,1,2,2,1
9,default,hive,12,0,2,0,7
9,default,hive,12,0,2,2,1
9,default,hive,12,1,2,0,7
9,default,hive,12,1,2,2,1
9,default,hive,13,0,3,0,7
9,default,hive,13,0,3,3,1
9,default,hive,13,1,3,0,7
9,default,hive,13,1,3,3,1
9,default,hive,14,0,4,0,7
9,default,hive,14,0,4,4,1
9,default,hive,14,1,4,0,7
9,default,hive,14,1,4,4,1
9,default,hive,15,0,4,0,7
9,default,hive,15,0,4,4,1
9,default,hive,15,1,4,0,7
9,default,hive,15,1,4,4,1
9,default,hive,16,0,6,0,7
9,default,hive,16,0,6,6,1
9,default,hive,16,1,6,0,7
9,default,hive,16,1,6,6,1
9,default,hive,17,0,34,0,63
9,default,hive,17,0,34,34,1
9,default,hive,17,1,68,0,127
9,default,hive,17,1,68,68,1
9,default,hive,17,2,34,0,63
9,default,hive,17,2,34,34,1
9,default,hive,17,3,68,0,127
9,default,hive,17,3,68,68,1
9,default,hive,17,4,68,0,127
9,default,hive,17,4,68,68,1
9,default,hive,17,5,68,0,127
9,default,hive,17,5,68,68,1
9,default,hive,17,6,68,0,127
9,default,hive,17,6,68,68,1
9,default,hive,17,7,67,0,127
9,default,hive,17,7,67,67,1
9,default,hive,18,0,44,0,63
9,default,hive,18,0,44,44,1
9,default,hive,18,1,68,0,127
9,default,hive,18,1,68,68,1
9,default,hive,18,2,44,0,63
9,default,hive,18,2,44,44,1
9,default,hive,18,3,68,0,127
9,default,hive,18,3,68,68,1
9,default,hive,18,4,68,0,127
9,default,hive,18,4,68,68,1
9,default,hive,18,5,68,0,127
9,default,hive,18,5,68,68,1
9,default,hive,18,6,68,0,127
9,default,hive,18,6,68,68,1
9,default,hive,18,7,67,0,127
9,default,hive,18,7,67,67,1
9,default,hive,19,0,44,0,63
9,default,hive,19,0,44,44,1
9,default,hive,19,1,68,0,127
9,default,hive,19,1,68,68,1
9,default,hive,19,2,44,0,63
9,default,hive,19,2,44,44,1
9,default,hive,19,3,68,0,127
9,default,hive,19,3,68,68,1
9,default,hive,19,4,68,0,127
9,default,hive,19,4,68,68,1
9,default,hive,19,5,68,0,127
9,default,hive,19,5,68,68,1
9,default,hive,19,6,68,0,127
9,default,hive,19,6,68,68,1
9,default,hive,19,7,67,0,127
9,default,hive,19,7,67,67,1
9,default,hive,20,0,57,0,127
9,default,hive,20,0,57,57,1
9,default,hive,20,1,68,0,127
9,default,hive,20,1,68,68,1
9,default,hive,20,2,57,0,127
9,default,hive,20,2,57,57,1
9,default,hive,20,3,68,0,127
9,default,hive,20,3,68,68,1
9,default,hive,20,4,68,0,127
9,default,hive,20,4,68,68,1
9,default,hive,20,5,68,0,127
9,default,hive,20,5,68,68,1
9,default,hive,20,6,68,0,127
9,default,hive,20,6,68,68,1
9,default,hive,20,7,67,0,127
9,default,hive,20,7,67,67,1
9,mixed,hive,1,0,1,0,7
9,mixed,hive,1,0,1,1,1
9,mixed,hive,1,1,1,0,7
9,mixed,hive,1,1,1,1,1
9,mixed,hive,2,0,1,0,7
9,mixed,hive,2,0,1,1,1
9,mixed,hive,2,1,1,0,7
9,mixed,hive,2,1,1,1,1
9,mixed,hive,3,0,1,0,7
9,mixed,hive,3,0,1,1,1
9,mixed,hive,3,1,1,0,7
9,mixed,hive,3,1,1,1,1
9,mixed,hive,4,0,1,0,7
9,mixed,hive,4,0,1,1,1
9,mixed,hive,4,1,1,0,7
9,mixed,hive,4,1,1,1,1
9,mixed,hive,5,0,1,0,7
9,mixed,hive,5,0,1,1,1
9,mixed,hive,5,1,1,0,7
9,mixed,hive,5,1,1,1,1
9,mixed,hive,6,0,1,0,7
9,mixed,hive,6,0,1,1,1
9,mixed,hive,6,1,1,0,7
9,mixed,hive,6,1,1,1,1
9,mixed,hive,7,0,1,0,7
9,mixed,hive,7,0,1,1,1
9,mixed,hive,7,1,1,0,7
9,mixed,hive,7,1,1,1,1
9,mixed,hive,8,0,1,0,7
9,mixed,hive,8,0,1,1,1
9,mixed,hive,8,1,1,0,7
9,mixed,hive,8,1,1,1,1
9,mixed,hive,9,0,1,0,7
9,mixed,hive,9,0,1,1,1
9,mixed,hive,9,1,1,0,7
9,mixed,hive,9,1,1,1,1
9,mixed,hive,10,0,2,0,7
9,mixed,hive,10,0,2,2,1
9,mixed,hive,10,1,2,0,7
9,mixed,hive,10,1,2,2,1
9,mixed,hive,11,0,2,0,6
9,mixed,hive,11,0,2,1,2
9,mixed,hive,11,1,2,0,6
9,mixed,hive,11,1,2,1,2
9,mixed,hive,12,0,2,0,6
9,mixed,hive,12,0,2,1,2
9,mixed,hive,12,1,2,0,6
9,mixed,hive,12,1,2,1,2
9,mixed,hive,13,0,3,0,5
9,mixed,hive,13,0,3,1,3
9,mixed,hive,13,1,3,0,5
9,mixed,hive,13,1,3,1,3
9,mixed,hive,14,0,4,0,4
9,mixed,hive,14,0,4,1,4
9,mixed,hive,14,1,4,0,4
9,mixed,hive,14,1,4,1,4
9,mixed,hive,15,0,4,0,5
9,mixed,hive,15,0,4,1,2
9,mixed,hive,15,0,4,2,1
9,mixed,hive,15,1,4,0,5
9,mixed,hive,15,1,4,1,2
9,mixed,hive,15,1,4,2,1
9,mixed,hive,16,0,6,0,3
9,mixed,hive,16,0,6,1,4
9,mixed,hive,16,0,6,2,1
9,mixed,hive,16,1,6,0,3
9,mixed,hive,16,1,6,1,4
9,mixed,hive,16,1,6,2,1
9,mixed,hive,17,0,14,0,20
9,mixed,hive,17,0,14,1,11
9,mixed,hive,17,0,14,3,1
9,mixed,hive,17,1,14,0,20
9,mixed,hive,17,1,14,1,11
9,mixed,hive,17,1,14,3,1
9,mixed,hive,17,3,3,0,6
9,mixed,hive,17,3,3,1,1
9,mixed,hive,17,3,3,2,1
9,mixed,hive,18,0,26,0,47
9,mixed,hive,18,0,26,1,11
9,mixed,hive,18,0,26,2,4
9,mixed,hive,18,0,26,3,1
9,mixed,hive,18,0,26,4,1
9,mixed,hive,18,1,26,0,47
9,mixed,hive,18,1,26,1,11
9,mixed,hive,18,1,26,2,4
9,mixed,hive,18,1,26,3,1
9,mixed,hive,18,1,26,4,1
9,mixed,hive,18,3,6,0,4
9,mixed,hive,18,3,6,1,3
9,mixed,hive,18,3,6,3,1
9,mixed,hive,19,0,42,0,33
9,mixed,hive,19,0,42,1,22
9,mixed,hive,19,0,42,2,7
9,mixed,hive,19,0,42,3,2
9,mixed,hive,19,1,42,0,33
9,mixed,hive,19,1,42,1,22
9,mixed,hive,19,1,42,2,7
9,mixed,hive,19,1,42,3,2
9,mixed,hive,19,3,12,0,7
9,mixed,hive,19,3,12,1,7
9,mixed,hive,19,3,12,2,1
9,mixed,hive,19,3,12,3,1
9,mixed,hive,19,4,2,0,6
9,mixed,hive,19,4,2,1,2
9,mixed,hive,20,0,63,0,80
9,mixed,hive,20,0,63,1,34
9,mixed,hive,20,0,63,2,13
9,mixed,hive,20,0,63,3,1
9,mixed,hive,20,1,63,0,80
9,mixed,hive,20,1,63,1,34
9,mixed,hive,20,1,63,2,13
9,mixed,hive,20,1,63,3,1
9,mixed,hive,20,3,38,0,39
9,mixed,hive,20,3,38,1,15
9,mixed,hive,20,3,38,2,7
9,mixed,hive,20,3,38,3,3
9,mixed,hive,20,4,8,0,9
9,mixed,hive,20,4,8,1,6
9,mixed,hive,20,4,8,2,1
10,default,hive,1,0,1,0,7
10,default,hive,1,0,1,1,1
10,default,hive,1,1,1,0,7
10,default,hive,1,1,1,1,1
10,default,hive,2,0,1,0,7
10,default,hive,2,0,1,1,1
10,default,hive,2,1,1,0,7
10,default,hive,2,1,1,1,1
10,default,hive,3,0,1,0,7
10,default,hive,3,0,1,1,1
10,default,hive,3,1,1,0,7
10,default,hive,3,1,1,1,1
10,default,hive,4,0,1,0,7
10,default,hive,4,0,1,1,1
10,default,hive,4,1,1,0,7
10,default,hive,4,1,1,1,1
10,default,hive,5,0,1,0,7
10,default,hive,5,0,1,1,1
10,default,hive,5,1,1,0,7
10,default,hive,5,1,1,1,1
10,default,hive,6,0,1,0,7
10,default,hive,6,0,1,1,1
10,default,hive,6,1,1,0,7
10,default,hive,6,1,1,1,1
10,default,hive,7,0,1,0,7
10,default,hive,7,0,1,1,1
10,default,hive,7,1,1,0,7
10,default,hive,7,1,1,1,1
10,default,hive,8,0,1,0,7
10,default,hive,8,0,1,1,1
10,default,hive,8,1,1,0,7
10,default,hive,8,1,1,1,1
10,default,hive,9,0,1,0,7
10,default,hive,9,0,1,1,1
10,default,hive,9,1,1,0,7
10,default,hive,9,1,1,1,1
10,default,hive,10,0,2,0,7
10,default,hive,10,0,2,2,1
10,default,hive,10,1,2,0,7
10,default,hive,10,1,2,2,1
10,default,hive,11,0,2,0,7
10,default,hive,11,0,2,2,1
10,default,hive,11,1,2,0,7
10,default,hive,11,1,2,2,1
10,default,hive,12,0,2,0,7
10,default,hive,12,0,2,2,1
10,default,hive,12,1,2,0,7
10,default,hive,12,1,2,2,1
10,default,hive,13,0,3,0,7
10,default,hive,13,0,3,3,1
10,default,hive,13,1,3,0,7
10,default,hive,13,1,3,3,1
10,default,hive,14,0,4,0,7
10,default,hive,14,0,4,4,1
10,default,hive,14,1,4,0,7
10,default,hive,14,1,4,4,1
10,default,hive,15,0,4,0,7
10,default,hive,15,0,4,4,1
10,default,hive,15,1,4,0,7
10,default,hive,15,1,4,4,1
10,default,hive,16,0,6,0,7
10,default,hive,16,0,6,6,1
10,default,hive,16,1,6,0,7
10,default,hive,16,1,6,6,1
10,default,hive,17,0,34,0,63
10,default,hive,17,0,34,34,1
10,default,hive,17,1,68,0,127
10,default,hive,17,1,68,68,1
10,default,hive,17,2,34,0,63
10,default,hive,17,2,34,34,1
10,default,hive,17,3,68,0,127
10,default,hive,17,3,68,68,1
10,default,hive,17,4,68,0,127
10,default,hive,17,4,68,68,1
10,default,hive,17,5,68,0,127
10,default,hive,17,5,68,68,1
10,default,hive,17,6,68,0,127
10,default,hive,17,6,68,68,1
10,default,hive,17,7,67,0,127
10,default,hive,17,7,67,67,1
10,default,hive,18,0,44,0,63
10,default,hive,18,0,44,44,1
10,default,hive,18,1,68,0,127
10,default,hive,18,1,68,68,1
10,default,hive,18,2,44,0,63
10,default,hive,18,2,44,44,1
10,default,hive,18,3,68,0,127
10,default,hive,18,3,68,68,1
10,default,hive,18,4,68,0,127
10,default,hive,18,4,68,68,1
10,default,hive,18,5,68,0,127
10,default,hive,18,5,68,68,1
10,default,hive,18,6,68,0,127
10,default,hive,18,6,68,68,1
10,default,hive,18,7,67,0,127
10,default,hive,18,7,67,67,1
10,default,hive,19,0,44,0,63
10,default,hive,19,0,44,44,1
10,default,hive,19,1,68,0,127
10,default,hive,19,1,68,68,1
10,default,hive,19,2,44,0,63
10,default,hive,19,2,44,44,1
10,default,hive,19,3,68,0,127
10,default,hive,19,3,68,68,1
10,default,hive,19,4,68,0,127
10,default,hive,19,4,68,68,1
10,default,hive,19,5,68,0,127
10,default,hive,19,5,68,68,1
10,default,hive,19,6,68,0,127
10,default,hive,19,6,68,68,1
10,default,hive,19,7,67,0,127
10,default,hive,19,7,67,67,1
10,default,hive,20,0,57,0,127
10,default,hive,20,0,57,57,1
10,default,hive,20,1,68,0,127
10,default,hive,20,1,68,68,1
10,default,hive,20,2,57,0,127
10,default,hive,20,2,57,57,1
10,default,hive,20,3,68,0,127
10,default,hive,20,3,68,68,1
10,default,hive,20,4,68,0,127
10,default,hive,20,4,68,68,1
10,default,hive,20,5,68,0,127
10,default,hive,20,5,68,68,1
10,default,hive,20,6,68,0,127
10,default,hive,20,6,68,68,1
10,default,hive,20,7,67,0,127
10,default,hive,20,7,67,67,1
10,mixed,hive,1,0,1,0,7
10,mixed,hive,1,0,1,1,1
10,mixed,hive,1,1,1,0,7
10,mixed,hive,1,1,1,1,1
10,mixed,hive,2,0,1,0,7
10,mixed,hive,2,0,1,1,1
10,mixed,hive,2,1,1,0,7
10,mixed,hive,2,1,1,1,1
10,mixed,hive,3,0,1,0,7
10,mixed,hive,3,0,1,1,1
10,mixed,hive,3,1,1,0,7
10,mixed,hive,3,1,1,1,1
10,mixed,hive,4,0,1,0,7
10,mixed,hive,4,0,1,1,1
10,mixed,hive,4,1,1,0,7
10,mixed,hive,4,1,1,1,1
10,mixed,hive,5,0,1,0,7
10,mixed,hive,5,0,1,1,1
10,mixed,hive,5,1,1,0,7
10,mixed,hive,5,1,1,1,1
10,mixed,hive,6,0,1,0,7
10,mixed,hive,6,0,1,1,1
10,mixed,hive,6,1,1,0,7
10,mixed,hive,6,1,1,1,1
10,mixed,hive,7,0,1,0,7
10,mixed,hive,7,0,1,1,1
10,mixed,hive,7,1,1,0,7
10,mixed,hive,7,1,1,1,1
10,mixed,hive,8,0,1,0,7
10,mixed,hive,8,0,1,1,1
10,mixed,hive,8,1,1,0,7
10,mixed,hive,8,1,1,1,1
10,mixed,hive,9,0,1,0,7
10,mixed,hive,9,0,1,1,1
10,mixed,hive,9,1,1,0,7
10,mixed,hive,9,1,1,1,1
10,mixed,hive,10,0,2,0,7
10,mixed,hive,10,0,2,2,1
10,mixed,hive,10,1,2,0,7
10,mixed,hive,10,1,2,2,1
10,mixed,hive,11,0,2,0,6
10,mixed,hive,11,0,2,1,2
10,mixed,hive,11,1,2,0,6
10,mixed,hive,11,1,2,1,2
10,mixed,hive,12,0,2,0,6
10,mixed,hive,12,0,2,1,2
10,mixed,hive,12,1,2,0,6
10,mixed,hive,12,1,2,1,2
10,mixed,hive,13,0,3,0,5
10,mixed,hive,13,0,3,1,3
10,mixed,hive,13,1,3,0,5
10,mixed,hive,13,1,3,1,3
10,mixed,hive,14,0,4,0,4
10,mixed,hive,14,0,4,1,4
10,mixed,hive,14,1,4,0,4
10,mixed,hive,14,1,4,1,4
10,mixed,hive,15,0,4,0,5
10,mixed,hive,15,0,4,1,2
10,mixed,hive,15,0,4,2,1
10,mixed,hive,15,1,4,0,5
10,mixed,hive,15,1,4,1,2
10,mixed,hive,15,1,4,2,1
10,mixed,hive,16,0,6,0,3
10,mixed,hive,16,0,6,1,4
10,mixed,hive,16,0,6,2,1
10,mixed,hive,16,1,6,0,3
10,mixed,hive,16,1,6,1,4
10,mixed,hive,16,1,6,2,1
10,mixed,hive,17,0,14,0,20
10,mixed,hive,17,0,14,1,11
10,mixed,hive,17,0,14,3,1
10,mixed,hive,17,1,14,0,20
10,mixed,hive,17,1,14,1,11
10,mixed,hive,17,1,14,3,1
10,mixed,hive,17,3,3,0,6
10,mixed,hive,17,3,3,1,1
10,mixed,hive,17,3,3,2,1
10,mixed,hive,18,0,26,0,47
10,mixed,hive,18,0,26,1,11
10,mixed,hive,18,0,26,2,4
10,mixed,hive,18,0,26,3,1
10,mixed,hive,18,0,26,4,1
10,mixed,hive,18,1,26,0,47
10,mixed,hive,18,1,26,1,11
10,mixed,hive,18,1,26,2,4
10,mixed,hive,18,1,26,3,1
10,mixed,hive,18,1,26,4,1
10,mixed,hive,18,3,6,0,4
10,mixed,hive,18,3,6,1,3
10,mixed,hive,18,3,6,3,1
10,mixed,hive,19,0,42,0,33
10,mixed,hive,19,0,42,1,22
10,mixed,hive,19,0,42,2,7
10,mixed,hive,19,0,42,3,2
10,mixed,hive,19,1,42,0,33
10,mixed,hive,19,1,42,1,22
10,mixed,hive,19,1,42,2,7
10,mixed,hive,19,1,42,3,2
10,mixed,hive,19,3,12,0,7
10,mixed,hive,19,3,12,1,7
10,mixed,hive,19,3,12,2,1
10,mixed,hive,19,3,12,3,1
10,mixed,hive,19,4,2,0,6
10,mixed,hive,19,4,2,1,2
10,mixed,hive,20,0,63,0,80
10,mixed,hive,20,0,63,1,34
10,mixed,hive,20,0,63,2,13
10,mixed,hive,20,0,63,3,1
10,mixed,hive,20,1,63,0,80
10,mixed,hive,20,1,63,1,34
10,mixed,hive,20,1,63,2,13
10,mixed,hive,20,1,63,3,1
10,mixed,hive,20,3,38,0,39
10,mixed,hive,20,3,38,1,15
10,mixed,hive,20,3,38,2,7
10,mixed,hive,20,3,38,3,3
10,mixed,hive,20,4,8,0,9
10,mixed,hive,20,4,8,1,6
10,mixed,hive,20,4,8,2,1
11,default,hive,1,0,1,0,7
11,default,hive,1,0,1,1,1
11,default,hive,1,1,1,0,7
11,default,hive,1,1,1,1,1
11,default,hive,2,0,1,0,7
11,default,hive,2,0,1,1,1
11,default,hive,2,1,1,0,7
11,default,hive,2,1,1,1,1
11,default,hive,3,0,1,0,7
11,default,hive,3,0,1,1,1
11,default,hive,3,1,1,0,7
11,default,hive,3,1,1,1,1
11,default,hive,4,0,1,0,7
11,default,hive,4,0,1,1,1
11,default,hive,4,1,1,0,7
11,default,hive,4,1,1,1,1
11,default,hive,5,0,1,0,7
11,default,hive,5,0,1,1,1
11,default,hive,5,1,1,0,7
11,default,hive,5,1,1,1,1
11,default,hive,6,0,1,0,7
11,default,hive,6,0,1,1,1
11,default,hive,6,1,1,0,7
11,default,hive,6,1,1,1,1
11,default,hive,7,0,1,0,7
11,default,hive,7,0,1,1,1
11,default,hive,7,1,1,0,7
11,default,hive,7,1,1,1,1
11,default,hive,8,0,1,0,7
11,default,hive,8,0,1,1,1
11,default,hive,8,1,1,0,7
11,default,hive,8,1,1,1,1
11,default,hive,9,0,1,0,7
11,default,hive,9,0,1,1,1
11,default,hive,9,1,1,0,7
11,default,hive,9,1,1,1,1
11,default,hive,10,0,2,0,7
11,default,hive,10,0,2,2,1
11,default,hive,10,1,2,0,7
11,default,hive,10,1,2,2,1
11,default,hive,11,0,2,0,7
11,default,hive,11,0,2,2,1
11,default,hive,11,1,2,0,7
11,default,hive,11,1,2,2,1
11,default,hive,12,0,2,0,7
11,default,hive,12,0,2,2,1
11,default,hive,12,1,2,0,7
11,default,hive,12,1,2,2,1
11,default,hive,13,0,3,0,7
11,default,hive,13,0,3,3,1
11,default,hive,13,1,3,0,7
11,default,hive,13,1,3,3,1
11,default,hive,14,0,4,0,7
11,default,hive,14,0,4,4,1
11,default,hive,14,1,4,0,7
11,default,hive,14,1,4,4,1
11,default,hive,15,0,4,0,7
11,default,hive,15,0,4,4,1
11,default,hive,15,1,4,0,7
11,default,hive,15,1,4,4,1
11,default,hive,16,0,6,0,7
11,default,hive,16,0,6,6,1
11,default,hive,16,1,6,0,7
11,default,hive,16,1,6,6,1
11,default,hive,17,0,34,0,63
11,default,hive,17,0,34,34,1
11,default,hive,17,1,68,0,127
11,default,hive,17,1,68,68,1
11,default,hive,17,2,34,0,63
11,default,hive,17,2,34,34,1
11,default,hive,17,3,68,0,127
11,default,hive,17,3,68,68,1
11,default,hive,17,4,68,0,127
11,default,hive,17,4,68,68,1
11,default,hive,17,5,68,0,127
11,default,hive,17,5,68,68,1
11,default,hive,17,6,68,0,127
11,default,hive,17,6,68,68,1
11,default,hive,17,7,67,0,127
11,default,hive,17,7,67,67,1
11,default,hive,18,0,44,0,63
11,default,hive,18,0,44,44,1
11,default,hive,18,1,68,0,127
11,default,hive,18,1,68,68,1
11,default,hive,18,2,44,0,63
11,default,hive,18,2,44,44,1
11,default,hive,18,3,68,0,127
11,default,hive,18,3,68,68,1
11,default,hive,18,4,68,0,127
11,default,hive,18,4,68,68,1
11,default,hive,18,5,68,0,127
11,default,hive,18,5,68,68,1
11,default,hive,18,6,68,0,127
11,default,hive,18,6,68,68,1
11,default,hive,18,7,67,0,127
11,default,hive,18,7,67,67,1
11,default,hive,19,0,44,0,63
11,default,hive,19,0,44,44,1
11,default,hive,19,1,68,0,127
11,default,hive,19,1,68,68,1
11,default,hive,19,2,44,0,63
11,default,hive,19,2,44,44,1
11,default,hive,19,3,68,0,127
11,default,hive,19,3,68,68,1
11,default,hive,19,4,68,0,127
11,default,hive,19,4,68,68,1
11,default,hive,19,5,68,0,127
11,default,hive,19,5,68,68,1
11,default,hive,19,6,68,0,127
11,default,hive,19,6,68,68,1
11,default,hive,19,7,67,0,127
11,default,hive,19,7,67,67,1
11,default,hive,20,0,57,0,127
11,default,hive,20,0,57,57,1
11,default,hive,20,1,68,0,127
11,default,hive,20,1,68,68,1
11,default,hive,20,2,57,0,127
11,default,hive,20,2,57,57,1
11,default,hive,20,3,68,0,127
11,default,hive,20,3,68,68,1
11,default,hive,20,4,68,0,127
11,default,hive,20,4,68,68,1
11,default,hive,20,5,68,0,127
11,default,hive,20,5,68,68,1
11,default,hive,20,6,68,0,127
11,default,hive,20,6,68,68,1
11,default,hive,20,7,67,0,127
11,default,hive,20,7,67,67,1
11,mixed,hive,1,0,1,0,7
11,mixed,hive,1,0,1,1,1
11,mixed,hive,1,1,1,0,7
11,mixed,hive,1,1,1,1,1
11,mixed,hive,2,0,1,0,7
11,mixed,hive,2,0,1,1,1
11,mixed,hive,2,1,1,0,7
11,mixed,hive,2,1,1,1,1
11,mixed,hive,3,0,1,0,7
11,mixed,hive,3,0,1,1,1
11,mixed,hive,3,1,1,0,7
11,mixed,hive,3,1,1,1,1
11,mixed,hive,4,0,1,0,7
11,mixed,hive,4,0,1,1,1
11,mixed,hive,4,1,1,0,7
11,mixed,hive,4,1,1,1,1
11,mixed,hive,5,0,1,0,7
11,mixed,hive,5,0,1,1,1
11,mixed,hive,5,1,1,0,7
11,mixed,hive,5,1,1,1,1
11,mixed,hive,6,0,1,0,7
11,mixed,hive,6,0,1,1,1
11,mixed,hive,6,1,1,0,7
11,mixed,hive,6,1,1,1,1
11,mixed,hive,7,0,1,0,7
11,mixed,hive,7,0,1,1,1
11,mixed,hive,7,1,1,0,7
11,mixed,hive,7,1,1,1,1
11,mixed,hive,8,0,1,0,7
11,mixed,hive,8,0,1,1,1
11,mixed,hive,8,1,1,0,7
11,mixed,hive,8,1,1,1,1
11,mixed,hive,9,0,1,0,7
11,mixed,hive,9,0,1,1,1
11,mixed,hive,9,1,1,0,7
11,mixed,hive,9,1,1,1,1
11,mixed,hive,10,0,2,0,7
11,mixed,hive,10,0,2,2,1
11,mixed,hive,10,1,2,0,7
11,mixed,hive,10,1,2,2,1
11,mixed,hive,11,0,2,0,6
11,mixed,hive,11,0,2,1,2
11,mixed,hive,11,1,2,0,6
11,mixed,hive,11,1,2,1,2
11,mixed,hive,12,0,2,0,6
11,mixed,hive,12,0,2,1,2
11,mixed,hive,12,1,2,0,6
11,mixed,hive,12,1,2,1,2
11,mixed,hive,13,0,3,0,5
11,mixed,hive,13,0,3,1,3
11,mixed,hive,13,1,3,0,5
11,mixed,hive,13,1,3,1,3
11,mixed,hive,14,0,4,0,4
11,mixed,hive,14,0,4,1,4
11,mixed,hive,14,1,4,0,4
11,mixed,hive,14,1,4,1,4
11,mixed,hive,15,0,4,0,5
11,mixed,hive,15,0,4,1,2
11,mixed,hive,15,0,4,2,1
11,mixed,hive,15,1,4,0,5
11,mixed,hive,15,1,4,1,2
11,mixed,hive,15,1,4,2,1
11,mixed,hive,16,0,6,0,3
11,mixed,hive,16,0,6,1,4
11,mixed,hive,16,0,6,2,1
11,mixed,hive,16,1,6,0,3
11,mixed,hive,16,1,6,1,4
11,mixed,hive,16,1,6,2,1
11,mixed,hive,17,0,14,0,20
11,mixed,hive,17,0,14,1,11
11,mixed,hive,17,0,14,3,1
11,mixed,hive,17,1,14,0,20
11,mixed,hive,17,1,14,1,11
11,mixed,hive,17,1,14,3,1
11,mixed,hive,17,3,3,0,6
11,mixed,hive,17,3,3,1,1
11,mixed,hive,17,3,3,2,1
11,mixed,hive,18,0,26,0,47
11,mixed,hive,18,0,26,1,11
11,mixed,hive,18,0,26,2,4
11,mixed,hive,18,0,26,3,1
11,mixed,hive,18,0,26,4,1
11,mixed,hive,18,1,26,0,47
11,mixed,hive,18,1,26,1,11
11,mixed,hive,18,1,26,2,4
11,mixed,hive,18,1,26,3,1
11,mixed,hive,18,1,26,4,1
11,mixed,hive,18,3,6,0,4
11,mixed,hive,18,3,6,1,3
11,mixed,hive,18,3,6,3,1
11,mixed,hive,19,0,42,0,33
11,mixed,hive,19,0,42,1,22
11,mixed,hive,19,0,42,2,7
11,mixed,hive,19,0,42,3,2
11,mixed,hive,19,1,42,0,33
11,mixed,hive,19,1,42,1,22
11,mixed,hive,19,1,42,2,7
11,mixed,hive,19,1,42,3,2
11,mixed,hive,19,3,12,0,7
11,mixed,hive,19,3,12,1,7
11,mixed,hive,19,3,12,2,1
11,mixed,hive,19,3,12,3,1
11,mixed,hive,19,4,2,0,6
11,mixed,hive,19,4,2,1,2
11,mixed,hive,20,0,63,0,80
11,mixed,hive,20,0,63,1,34
11,mixed,hive,20,0,63,2,13
11,mixed,hive,20,0,63,3,1
11,mixed,hive,20,1,63,0,80
11,mixed,hive,20,1,63,1,34
11,mixed,hive,20,1,63,2,13
11,mixed,hive,20,1,63,3,1
11,mixed,hive,20,3,38,0,39
11,mixed,hive,20,3,38,1,15
11,mixed,hive,20,3,38,2,7
11,mixed,hive,20,3,38,3,3
11,mixed,hive,20,4,8,0,9
11,mixed,hive,20,4,8,1,6
11,mixed,hive,20,4,8,2,1
12,default,hive,1,0,1,0,7
12,default,hive,1,0,1,1,1
12,default,hive,1,1,1,0,7
12,default,hive,1,1,1,1,1
12,default,hive,2,0,1,0,7
12,default,hive,2,0,1,1,1
12,default,hive,2,1,1,0,7
12,default,hive,2,1,1,1,1
12,default,hive,3,0,1,0,7
12,default,hive,3,0,1,1,1
12,default,hive,3,1,1,0,7
12,default,hive,3,1,1,1,1
12,default,hive,4,0,1,0,7
12,default,hive,4,0,1,1,1
12,default,hive,4,1,1,0,7
12,default,hive,4,1,1,1,1
12,default,hive,5,0,1,0,7
12,default,hive,5,0,1,1,1
12,default,hive,5,1,1,0,7
12,default,hive,5,1,1,1,1
12,default,hive,6,0,1,0,7
12,default,hive,6,0,1,1,1
12,default,hive,6,1,1,0,7
12,default,hive,6,1,1,1,1
12,default,hive,7,0,1,0,7
12,default,hive,7,0,1,1,1
12,default,hive,7,1,1,0,7
12,default,hive,7,1,1,1,1
12,default,hive,8,0,1,0,7
12,default,hive,8,0,1,1,1
12,default,hive,8,1,1,0,7
12,default,hive,8,1,1,1,1
12,default,hive,9,0,1,0,7
12,default,hive,9,0,1,1,1
12,default,hive,9,1,1,0,7
12,default,hive,9,1,1,1,1
12,default,hive,10,0,2,0,7
12,default,hive,10,0,2,2,1
12,default,hive,10,1,2,0,7
12,default,hive,10,1,2,2,1
12,default,hive,11,0,2,0,7
12,default,hive,11,0,2,2,1
12,default,hive,11,1,2,0,7
12,default,hive,11,1,2,2,1
12,default,hive,12,0,2,0,7
12,default,hive,12,0,2,2,1
12,default,hive,12,1,2,0,7
12,default,hive,12,1,2,2,1
12,default,hive,13,0,3,0,7
12,default,hive,13,0,3,3,1
12,default,hive,13,1,3,0,7
12,default,hive,13,1,3,3,1
12,default,hive,14,0,4,0,7
12,default,hive,14,0,4,4,1
12,default,hive,14,1,4,0,7
12,default,hive,14,1,4,4,1
12,default,hive,15,0,4,0,7
12,default,hive,15,0,4,4,1
12,default,hive,15,1,4,0,7
12,default,hive,15,1,4,4,1
12,default,hive,16,0,6,0,7
12,default,hive,16,0,6,6,1
12,default,hive,16,1,6,0,7
12,default,hive,16,1,6,6,1
12,default,hive,17,0,34,0,63
12,default,hive,17,0,34,34,1
12,default,hive,17,1,68,0,127
12,default,hive,17,1,68,68,1
12,default,hive,17,2,34,0,63
12,default,hive,17,2,34,34,1
12,default,hive,17,3,68,0,127
12,default,hive,17,3,68,68,1
12,default,hive,17,4,68,0,127
12,default,hive,17,4,68,68,1
12,default,hive,17,5,68,0,127
12,default,hive,17,5,68,68,1
12,default,hive,17,6,68,0,127
12,default,hive,17,6,68,68,1
12,default,hive,17,7,67,0,127
12,default,hive,17,7,67,67,1
12,default,hive,18,0,44,0,63
12,default,hive,18,0,44,44,1
12,default,hive,18,1,68,0,127
12,default,hive,18,1,68,68,1
12,default,hive,18,2,44,0,63
12,default,hive,18,2,44,44,1
12,default,hive,18,3,68,0,127
12,default,hive,18,3,68,68,1
12,default,hive,18,4,68,0,127
12,default,hive,18,4,68,68,1
12,default,hive,18,5,68,0,127
12,default,hive,18,5,68,68,1
12,default,hive,18,6,68,0,127
12,default,hive,18,6,68,68,1
12,default,hive,18,7,67,0,127
12,default,hive,18,7,67,67,1
12,default,hive,19,0,44,0,63
12,default,hive,19,0,44,44,1
12,default,hive,19,1,68,0,127
12,default,hive,19,1,68,68,1
12,default,hive,19,2,44,0,63
12,default,hive,19,2,44,44,1
12,default,hive,19,3,68,0,127
12,default,hive,19,3,68,68,1
12,default,hive,19,4,68,0,127
12,default,hive,19,4,68,68,1
12,default,hive,19,5,68,0,127
12,default,hive,19,5,68,68,1
12,default,hive,19,6,68,0,127
12,default,hive,19,6,68,68,1
12,default,hive,19,7,67,0,127
12,default,hive,19,7,67,67,1
12,default,hive,20,0,57,0,127
12,default,hive,20,0,57,57,1
12,default,hive,20,1,68,0,127
12,default,hive,20,1,68,68,1
12,default,hive,20,2,57,0,127
12,default,hive,20,2,57,57,1
12,default,hive,20,3,68,0,127
12,default,hive,20,3,68,68,1
12,default,hive,20,4,68,0,127
12,default,hive,20,4,68,68,1
12,default,hive,20,5,68,0,127
12,default,hive,20,5,68,68,1
12,default,hive,20,6,68,0,127
12,default,hive,20,6,68,68,1
12,default,hive,20,7,67,0,127
12,default,hive,20,7,67,67,1
12,mixed,hive,1,0,1,0,7
12,mixed,hive,1,0,1,1,1
12,mixed,hive,1,1,1,0,7
12,mixed,hive,1,1,1,1,1
12,mixed,hive,2,0,1,0,7
12,mixed,hive,2,0,1,1,1
12,mixed,hive,2,1,1,0,7
12,mixed,hive,2,1,1,1,1
12,mixed,hive,3,0,1,0,7
12,mixed,hive,3,0,1,1,1
12,mixed,hive,3,1,1,0,7
12,mixed,hive,3,1,1,1,1
12,mixed,hive,4,0,1,0,7
12,mixed,hive,4,0,1,1,1
12,mixed,hive,4,1,1,0,7
12,mixed,hive,4,1,1,1,1
12,mixed,hive,5,0,1,0,7
12,mixed,hive,5,0,1,1,1
12,mixed,hive,5,1,1,0,7
12,mixed,hive,5,1,1,1,1
12,mixed,hive,6,0,1,0,7
12,mixed,hive,6,0,1,1,1
12,mixed,hive,6,1,1,0,7
12,mixed,hive,6,1,1,1,1
12,mixed,hive,7,0,1,0,7
12,mixed,hive,7,0,1,1,1
12,mixed,hive,7,1,1,0,7
12,mixed,hive,7,1,1,1,1
12,mixed,hive,8,0,1,0,7
12,mixed,hive,8,0,1,1,1
12,mixed,hive,8,1,1,0,7
12,mixed,hive,8,1,1,1,1
12,mixed,hive,9,0,1,0,7
12,mixed,hive,9,0,1,1,1
12,mixed,hive,9,1,1,0,7
12,mixed,hive,9,1,1,1,1
12,mixed,hive,10,0,2,0,7
12,mixed,hive,10,0,2,2,1
12,mixed,hive,10,1,2,0,7
12,mixed,hive,10,1,2,2,1
12,mixed,hive,11,0,2,0,6
12,mixed,hive,11,0,2,1,2
12,mixed,hive,11,1,2,0,6
12,mixed,hive,11,1,2,1,2
12,mixed,hive,12,0,2,0,6
12,mixed,hive,12,0,2,1,2
12,mixed,hive,12,1,2,0,6
12,mixed,hive,12,1,2,1,2
12,mixed,hive,13,0,3,0,5
12,mixed,hive,13,0,3,1,3
12,mixed,hive,13,1,3,0,5
12,mixed,hive,13,1,3,1,3
12,mixed,hive,14,0,4,0,4
12,mixed,hive,14,0,4,1,4
12,mixed,hive,14,1,4,0,4
12,mixed,hive,14,1,4,1,4
12,mixed,hive,15,0,4,0,5
12,mixed,hive,15,0,4,1,2
12,mixed,hive,15,0,4,2,1
12,mixed,hive,15,1,4,0,5
12,mixed,hive,15,1,4,1,2
12,mixed,hive,15,1,4,2,1
12,mixed,hive,16,0,6,0,3
12,mixed,hive,16,0,6,1,4
12,mixed,hive,16,0,6,2,1
12,mixed,hive,16,1,6,0,3
12,mixed,hive,16,1,6,1,4
12,mixed,hive,16,1,6,2,1
12,mixed,hive,17,0,14,0,20
12,mixed,hive,17,0,14,1,11
12,mixed,hive,17,0,14,3,1
12,mixed,hive,17,1,14,0,20
12,mixed,hive,17,1,14,1,11
12,mixed,hive,17,1,14,3,1
12,mixed,hive,17,3,3,0,6
12,mixed,hive,17,3,3,1,1
12,mixed,hive,17,3,3,2,1
12,mixed,hive,18,0,26,0,47
12,mixed,hive,18,0,26,1,11
12,mixed,hive,18,0,26,2,4
12,mixed,hive,18,0,26,3,1
12,mixed,hive,18,0,26,4,1
12,mixed,hive,18,1,26,0,47
12,mixed,hive,18,1,26,1,11
12,mixed,hive,18,1,26,2,4
12,mixed,hive,18,1,26,3,1
12,mixed,hive,18,1,26,4,1
12,mixed,hive,18,3,6,0,4
12,mixed,hive,18,3,6,1,3
12,mixed,hive,18,3,6,3,1
12,mixed,hive,19,0,42,0,33
12,mixed,hive,19,0,42,1,22
12,mixed,hive,19,0,42,2,7
12,mixed,hive,19,0,42,3,2
12,mixed,hive,19,1,42,0,33
12,mixed,hive,19,1,42,1,22
12,mixed,hive,19,1,42,2,7
12,mixed,hive,19,1,42,3,2
12,mixed,hive,19,3,12,0,7
12,mixed,hive,19,3,12,1,7
12,mixed,hive,19,3,12,2,1
12,mixed,hive,19,3,12,3,1
12,mixed,hive,19,4,2,0,6
12,mixed,hive,19,4,2,1,2
12,mixed,hive,20,0,63,0,80
12,mixed,hive,20,0,63,1,34
12,mixed,hive,20,0,63,2,13
12,mixed,hive,20,0,63,3,1
12,mixed,hive,20,1,63,0,80
12,mixed,hive,20,1,63,1,34
12,mixed,hive,20,1,63,2,13
12,mixed,hive,20,1,63,3,1
12,mixed,hive,20,3,38,0,39
12,mixed,hive,20,3,38,1,15
12,mixed,hive,20,3,38,2,7
12,mixed,hive,20,3,38,3,3
12,mixed,hive,20,4,8,0,9
12,mixed,hive,20,4,8,1,6
12,mixed,hive,20,4,8,2,1
13,default,hive,1,0,1,0,7
13,default,hive,1,0,1,1,1
13,default,hive,1,1,1,0,7
13,default,hive,1,1,1,1,1
13,default,hive,2,0,1,0,7
13,default,hive,2,0,1,1,1
13,default,hive,2,1,1,0,7
13,default,hive,2,1,1,1,1
13,default,hive,3,0,1,0,7
13,default,hive,3,0,1,1,1
13,default,hive,3,1,1,0,7
13,default,hive,3,1,1,1,1
13,default,hive,4,0,1,0,7
13,default,hive,4,0,1,1,1
13,default,hive,4,1,1,0,7
13,default,hive,4,1,1,1,1
13,default,hive,5,0,1,0,7
13,default,hive,5,0,1,1,1
13,default,hive,5,1,1,0,7
13,default,hive,5,1,1,1,1
13,default,hive,6,0,1,0,7
13,default,hive,6,0,1,1,1
13,default,hive,6,1,1,0,7
13,default,hive,6,1,1,1,1
13,default,hive,7,0,1,0,7
13,default,hive,7,0,1,1,1
13,default,hive,7,1,1,0,7
13,default,hive,7,1,1,1,1
13,default,hive,8,0,1,0,7
13,default,hive,8,0,1,1,1
13,default,hive,8,1,1,0,7
13,default,hive,8,1,1,1,1
13,default,hive,9,0,1,0,7
13,default,hive,9,0,1,1,1
13,default,hive,9,1,1,0,7
13,default,hive,9,1,1,1,1
13,default,hive,10,0,2,0,7
13,default,hive,10,0,2,2,1
13,default,hive,10,1,2,0,7
13,default,hive,10,1,2,2,1
13,default,hive,11,0,2,0,7
13,default,hive,11,0,2,2,1
13,default,hive,11,1,2,0,7
13,default,hive,11,1,2,2,1
13,default,hive,12,0,2,0,7
13,default,hive,12,0,2,2,1
13,default,hive,12,1,2,0,7
13,default,hive,12,1,2,2,1
13,default,hive,13,0,3,0,7
13,default,hive,13,0,3,3,1
13,default,hive,13,1,3,0,7
13,default,hive,13,1,3,3,1
13,default,hive,14,0,4,0,7
13,default,hive,14,0,4,4,1
13,default,hive,14,1,4,0,7
13,default,hive,14,1,4,4,1
13,default,hive,15,0,4,0,7
13,default,hive,15,0,4,4,1
13,default,hive,15,1,4,0,7
13,default,hive,15,1,4,4,1
13,default,hive,16,0,6,0,7
13,default,hive,16,0,6,6,1
13,default,hive,16,1,6,0,7
13,default,hive,16,1,6,6,1
13,default,hive,17,0,34,0,63
13,default,hive,17,0,34,34,1
13,default,hive,17,1,68,0,127
13,default,hive,17,1,68,68,1
13,default,hive,17,2,34,0,63
13,default,hive,17,2,34,34,1
13,default,hive,17,3,68,0,127
13,default,hive,17,3,68,68,1
13,default,hive,17,4,68,0,127
13,default,hive,17,4,68,68,1
13,default,hive,17,5,68,0,127
13,default,hive,17,5,68,68,1
13,default,hive,17,6,68,0,127
13,default,hive,17,6,68,68,1
13,default,hive,17,7,67,0,127
13,default,hive,17,7,67,67,1
13,default,hive,18,0,44,0,63
13,default,hive,18,0,44,44,1
13,default,hive,18,1,68,0,127
13,default,hive,18,1,68,68,1
13,default,hive,18,2,44,0,63
13,default,hive,18,2,44,44,1
13,default,hive,18,3,68,0,127
13,default,hive,18,3,68,68,1
13,default,hive,18,4,68,0,127
13,default,hive,18,4,68,68,1
13,default,hive,18,5,68,0,127
13,default,hive,18,5,68,68,1
13,default,hive,18,6,68,0,127
13,default,hive,18,6,68,68,1
13,default,hive,18,7,67,0,127
13,default,hive,18,7,67,67,1
13,default,hive,19,0,44,0,63
13,default,hive,19,0,44,44,1
13,default,hive,19,1,68,0,127
13,default,hive,19,1,68,68,1
13,default,hive,19,2,44,0,63
13,default,hive,19,2,44,44,1
13,default,hive,19,3,68,0,127
13,default,hive,19,3,68,68,1
13,default,hive,19,4,68,0,127
13,default,hive,19,4,68,68,1
13,default,hive,19,5,68,0,127
13,default,hive,19,5,68,68,1
13,default,hive,19,6,68,0,127
13,default,hive,19,6,68,68,1
13,default,hive,19,7,67,0,127
13,default,hive,19,7,67,67,1
13,default,hive,20,0,57,0,127
13,default,hive,20,0,57,57,1
13,default,hive,20,1,68,0,127
13,default,hive,20,1,68,68,1
13,default,hive,20,2,57,0,127
13,default,hive,20,2,57,57,1
13,default,hive,20,3,68,0,127
13,default,hive,20,3,68,68,1
13,default,hive,20,4,68,0,127
13,default,hive,20,4,68,68,1
13,default,hive,20,5,68,0,127
13,default,hive,20,5,68,68,1
13,default,hive,20,6,68,0,127
13,default,hive,20,6,68,68,1
13,default,hive,20,7,67,0,127
13,default,hive,20,7,67,67,1
13,mixed,hive,1,0,1,0,7
13,mixed,hive,1,0,1,1,1
13,mixed,hive,1,1,1,0,7
13,mixed,hive,1,1,1,1,1
13,mixed,hive,2,0,1,0,7
13,mixed,hive,2,0,1,1,1
13,mixed,hive,2,1,1,0,7
13,mixed,hive,2,1,1,1,1
13,mixed,hive,3,0,1,0,7
13,mixed,hive,3,0,1,1,1
13,mixed,hive,3,1,1,0,7
13,mixed,hive,3,1,1,1,1
13,mixed,hive,4,0,1,0,7
13,mixed,hive,4,0,1,1,1
13,mixed,hive,4,1,1,0,7
13,mixed,hive,4,1,1,1,1
13,mixed,hive,5,0,1,0,7
13,mixed,hive,5,0,1,1,1
13,mixed,hive,5,1,1,0,7
13,mixed,hive,5,1,1,1,1
13,mixed,hive,6,0,1,0,7
13,mixed,hive,6,0,1,1,1
13,mixed,hive,6,1,1,0,7
13,mixed,hive,6,1,1,1,1
13,mixed,hive,7,0,1,0,7
13,mixed,hive,7,0,1,1,1
13,mixed,hive,7,1,1,0,7
13,mixed,hive,7,1,1,1,1
13,mixed,hive,8,0,1,0,7
13,mixed,hive,8,0,1,1,1
13,mixed,hive,8,1,1,0,7
13,mixed,hive,8,1,1,1,1
13,mixed,hive,9,0,1,0,7
13,mixed,hive,9,0,1,1,1
13,mixed,hive,9,1,1,0,7
13,mixed,hive,9,1,1,1,1
13,mixed,hive,10,0,2,0,7
13,mixed,hive,10,0,2,2,1
13,mixed,hive,10,1,2,0,7
13,mixed,hive,10,1,2,2,1
13,mixed,hive,11,0,2,0,6
13,mixed,hive,11,0,2,1,2
13,mixed,hive,11,1,2,0,6
13,mixed,hive,11,1,2,1,2
13,mixed,hive,12,0,2,0,6
13,mixed,hive,12,0,2,1,2
13,mixed,hive,12,1,2,0,6
13,mixed,hive,12,1,2,1,2
13,mixed,hive,13,0,3,0,5
13,mixed,hive,13,0,3,1,3
13,mixed,hive,13,1,3,0,5
13,mixed,hive,13,1,3,1,3
13,mixed,hive,14,0,4,0,4
13,mixed,hive,14,0,4,1,4
13,mixed,hive,14,1,4,0,4
13,mixed,hive,14,1,4,1,4
13,mixed,hive,15,0,4,0,5
13,mixed,hive,15,0,4,1,2
13,mixed,hive,15,0,4,2,1
13,mixed,hive,15,1,4,0,5
13,mixed,hive,15,1,4,1,2
13,mixed,hive,15,1,4,2,1
13,mixed,hive,16,0,6,0,3
13,mixed,hive,16,0,6,1,4
13,mixed,hive,16,0,6,2,1
13,mixed,hive,16,1,6,0,3
13,mixed,hive,16,1,6,1,4
13,mixed,hive,16,1,6,2,1
13,mixed,hive,17,0,14,0,20
13,mixed,hive,17,0,14,1,11
13,mixed,hive,17,0,14,3,1
13,mixed,hive,17,1,14,0,20
13,mixed,hive,17,1,14,1,11
13,mixed,hive,17,1,14,3,1
13,mixed,hive,17,3,3,0,6
13,mixed,hive,17,3,3,1,1
13,mixed,hive,17,3,3,2,1
13,mixed,hive,18,0,26,0,47
13,mixed,hive,18,0,26,1,11
13,mixed,hive,18,0,26,2,4
13,mixed,hive,18,0,26,3,1
13,mixed,hive,18,0,26,4,1
13,mixed,hive,18,1,26,0,47
13,mixed,hive,18,1,26,1,11
13,mixed,hive,18,1,26,2,4
13,mixed,hive,18,1,26,3,1
13,mixed,hive,18,1,26,4,1
13,mixed,hive,18,3,6,0,4
13,mixed,hive,18,3,6,1,3
13,mixed,hive,18,3,6,3,1
13,mixed,hive,19,0,42,0,33
13,mixed,hive,19,0,42,1,22
13,mixed,hive,19,0,42,2,7
13,mixed,hive,19,0,42,3,2
13,mixed,hive,19,1,42,0,33
13,mixed,hive,19,1,42,1,22
13,mixed,hive,19,1,42,2,7
13,mixed,hive,19,1,42,3,2
13,mixed,hive,19,3,12,0,7
13,mixed,hive,19,3,12,1,7
13,mixed,hive,19,3,12,2,1
13,mixed,hive,19,3,12,3,1
13,mixed,hive,19,4,2,0,6
13,mixed,hive,19,4,2,1,2
13,mixed,hive,20,0,63,0,80
13,mixed,hive,20,0,63,1,34
13,mixed,hive,20,0,63,2,13
13,mixed,hive,20,0,63,3,1
13,mixed,hive,20,1,63,0,80
13,mixed,hive,20,1,63,1,34
13,mixed,hive,20,1,63,2,13
13,mixed,hive,20,1,63,3,1
13,mixed,hive,20,3,38,0,39
13,mixed,hive,20,3,38,1,15
13,mixed,hive,20,3,38,2,7
13,mixed,hive,20,3,38,3,3
13,mixed,hive,20,4,8,0,9
13,mixed,hive,20,4,8,1,6
13,mixed,hive,20,4,8,2,1
14,default,hive,1,0,1,0,7
14,default,hive,1,0,1,1,1
14,default,hive,1,1,1,0,7
14,default,hive,1,1,1,1,1
14,default,hive,2,0,1,0,7
14,default,hive,2,0,1,1,1
14,default,hive,2,1,1,0,7
14,default,hive,2,1,1,1,1
14,default,hive,3,0,1,0,7
14,default,hive,3,0,1,1,1
14,default,hive,3,1,1,0,7
14,default,hive,3,1,1,1,1
14,default,hive,4,0,1,0,7
14,default,hive,4,0,1,1,1
14,default,hive,4,1,1,0,7
14,default,hive,4,1,1,1,1
14,default,hive,5,0,1,0,7
14,default,hive,5,0,1,1,1
14,default,hive,5,1,1,0,7
14,default,hive,5,1,1,1,1
14,default,hive,6,0,1,0,7
14,default,hive,6,0,1,1,1
14,default,hive,6,1,1,0,7
14,default,hive,6,1,1,1,1
14,default,hive,7,0,1,0,7
14,default,hive,7,0,1,1,1
14,default,hive,7,1,1,0,7
14,default,hive,7,1,1,1,1
14,default,hive,8,0,1,0,7
14,default,hive,8,0,1,1,1
14,default,hive,8,1,1,0,7
14,default,hive,8,1,1,1,1
14,default,hive,9,0,1,0,7
14,default,hive,9,0,1,1,1
14,default,hive,9,1,1,0,7
14,default,hive,9,1,1,1,1
14,default,hive,10,0,2,0,7
14,default,hive,10,0,2,2,1
14,default,hive,10,1,2,0,7
14,default,hive,10,1,2,2,1
14,default,hive,11,0,2,0,7
14,default,hive,11,0,2,2,1
14,default,hive,11,1,2,0,7
14,default,hive,11,1,2,2,1
14,default,hive,12,0,2,0,7
14,default,hive,12,0,2,2,1
14,default,hive,12,1,2,0,7
14,default,hive,12,1,2,2,1
14,default,hive,13,0,3,0,7
14,default,hive,13,0,3,3,1
14,default,hive,13,1,3,0,7
14,default,hive,13,1,3,3,1
14,default,hive,14,0,4,0,7
14,default,hive,14,0,4,4,1
14,default,hive,14,1,4,0,7
14,default,hive,14,1,4,4,1
14,default,hive,15,0,4,0,7
14,default,hive,15,0,4,4,1
14,default,hive,15,1,4,0,7
14,default,hive,15,1,4,4,1
14,default,hive,16,0,6,0,7
14,default,hive,16,0,6,6,1
14,default,hive,16,1,6,0,7
14,default,hive,16,1,6,6,1
14,default,hive,17,0,34,0,63
14,default,hive,17,0,34,34,1
14,default,hive,17,1,68,0,127
14,default,hive,17,1,68,68,1
14,default,hive,17,2,34,0,63
14,default,hive,17,2,34,34,1
14,default,hive,17,3,68,0,127
14,default,hive,17,3,68,68,1
14,default,hive,17,4,68,0,127
14,default,hive,17,4,68,68,1
14,default,hive,17,5,68,0,127
14,default,hive,17,5,68,68,1
14,default,hive,17,6,68,0,127
14,default,hive,17,6,68,68,1
14,default,hive,17,7,67,0,127
14,default,hive,17,7,67,67,1
14,default,hive,18,0,44,0,63
14,default,hive,18,0,44,44,1
14,default,hive,18,1,68,0,127
14,default,hive,18,1,68,68,1
14,default,hive,18,2,44,0,63
14,default,hive,18,2,44,44,1
14,default,hive,18,3,68,0,127
14,default,hive,18,3,68,68,1
14,default,hive,18,4,68,0,127
14,default,hive,18,4,68,68,1
14,default,hive,18,5,68,0,127
14,default,hive,18,5,68,68,1
14,default,hive,18,6,68,0,127
14,default,hive,18,6,68,68,1
14,default,hive,18,7,67,0,127
14,default,hive,18,7,67,67,1
14,default,hive,19,0,44,0,63
14,default,hive,19,0,44,44,1
14,default,hive,19,1,68,0,127
14,default,hive,19,1,68,68,1
14,default,hive,19,2,44,0,63
14,default,hive,19,2,44,44,1
14,default,hive,19,3,68,0,127
14,default,hive,19,3,68,68,1
14,default,hive,19,4,68,0,127
14,default,hive,19,4,68,68,1
14,default,hive,19,5,68,0,127
14,default,hive,19,5,68,68,1
14,default,hive,19,6,68,0,127
14,default,hive,19,6,68,68,1
14,default,hive,19,7,67,0,127
14,default,hive,19,7,67,67,1
14,default,hive,20,0,57,0,127
14,default,hive,20,0,57,57,1
14,default,hive,20,1,68,0,127
14,default,hive,20,1,68,68,1
14,default,hive,20,2,57,0,127
14,default,hive,20,2,57,57,1
14,default,hive,20,3,68,0,127
14,default,hive,20,3,68,68,1
14,default,hive,20,4,68,0,127
14,default,hive,20,4,68,68,1
14,default,hive,20,5,68,0,127
14,default,hive,20,5,68,68,1
14,default,hive,20,6,68,0,127
14,default,hive,20,6,68,68,1
14,default,hive,20,7,67,0,127
14,default,hive,20,7,67,67,1
14,mixed,hive,1,0,1,0,7
14,mixed,hive,1,0,1,1,1
14,mixed,hive,1,1,1,0,7
14,mixed,hive,1,1,1,1,1
14,mixed,hive,2,0,1,0,7
14,mixed,hive,2,0,1,1,1
14,mixed,hive,2,1,1,0,7
14,mixed,hive,2,1,1,1,1
14,mixed,hive,3,0,1,0,7
14,mixed,hive,3,0,1,1,1
14,mixed,hive,3,1,1,0,7
14,mixed,hive,3,1,1,1,1
14,mixed,hive,4,0,1,0,7
14,mixed,hive,4,0,1,1,1
14,mixed,hive,4,1,1,0,7
14,mixed,hive,4,1,1,1,1
14,mixed,hive,5,0,1,0,7
14,mixed,hive,5,0,1,1,1
14,mixed,hive,5,1,1,0,7
14,mixed,hive,5,1,1,1,1
14,mixed,hive,6,0,1,0,7
14,mixed,hive,6,0,1,1,1
14,mixed,hive,6,1,1,0,7
14,mixed,hive,6,1,1,1,1
14,mixed,hive,7,0,1,0,7
14,mixed,hive,7,0,1,1,1
14,mixed,hive,7,1,1,0,7
14,mixed,hive,7,1,1,1,1
14,mixed,hive,8,0,1,0,7
14,mixed,hive,8,0,1,1,1
14,mixed,hive,8,1,1,0,7
14,mixed,hive,8,1,1,1,1
14,mixed,hive,9,0,1,0,7
14,mixed,hive,9,0,1,1,1
14,mixed,hive,9,1,1,0,7
14,mixed,hive,9,1,1,1,1
14,mixed,hive,10,0,2,0,7
14,mixed,hive,10,0,2,2,1
14,mixed,hive,10,1,2,0,7
14,mixed,hive,10,1,2,2,1
14,mixed,hive,11,0,2,0,6
14,mixed,hive,11,0,2,1,2
14,mixed,hive,11,1,2,0,6
14,mixed,hive,11,1,2,1,2
14,mixed,hive,12,0,2,0,6
14,mixed,hive,12,0,2,1,2
14,mixed,hive,12,1,2,0,6
14,mixed,hive,12,1,2,1,2
14,mixed,hive,13,0,3,0,5
14,mixed,hive,13,0,3,1,3
14,mixed,hive,13,1,3,0,5
14,mixed,hive,13,1,3,1,3
14,mixed,hive,14,0,4,0,4
14,mixed,hive,14,0,4,1,4
14,mixed,hive,14,1,4,0,4
14,mixed,hive,14,1,4,1,4
14,mixed,hive,15,0,4,0,5
14,mixed,hive,15,0,4,1,2
14,mixed,hive,15,0,4,2,1
14,mixed,hive,15,1,4,0,5
14,mixed,hive,15,1,4,1,2
14,mixed,hive,15,1,4,2,1
14,mixed,hive,16,0,6,0,3
14,mixed,hive,16,0,6,1,4
14,mixed,hive,16,0,6,2,1
14,mixed,hive,16,1,6,0,3
14,mixed,hive,16,1,6,1,4
14,mixed,hive,16,1,6,2,1
14,mixed,hive,17,0,14,0,20
14,mixed,hive,17,0,14,1,11
14,mixed,hive,17,0,14,3,1
14,mixed,hive,17,1,14,0,20
14,mixed,hive,17,1,14,1,11
14,mixed,hive,17,1,14,3,1
14,mixed,hive,17,3,3,0,6
14,mixed,hive,17,3,3,1,1
14,mixed,hive,17,3,3,2,1
14,mixed,hive,18,0,26,0,47
14,mixed,hive,18,0,26,1,11
14,mixed,hive,18,0,26,2,4
14,mixed,hive,18,0,26,3,1
14,mixed,hive,18,0,26,4,1
14,mixed,hive,18,1,26,0,47
14,mixed,hive,18,1,26,1,11
14,mixed,hive,18,1,26,2,4
14,mixed,hive,18,1,26,3,1
14,mixed,hive,18,1,26,4,1
14,mixed,hive,18,3,6,0,4
14,mixed,hive,18,3,6,1,3
14,mixed,hive,18,3,6,3,1
14,mixed,hive,19,0,42,0,33
14,mixed,hive,19,0,42,1,22
14,mixed,hive,19,0,42,2,7
14,mixed,hive,19,0,42,3,2
14,mixed,hive,19,1,42,0,33
14,mixed,hive,19,1,42,1,22
14,mixed,hive,19,1,42,2,7
14,mixed,hive,19,1,42,3,2
14,mixed,hive,19,3,12,0,7
14,mixed,hive,19,3,12,1,7
14,mixed,hive,19,3,12,2,1
14,mixed,hive,19,3,12,3,1
14,mixed,hive,19,4,2,0,6
14,mixed,hive,19,4,2,1,2
14,mixed,hive,20,0,63,0,80
14,mixed,hive,20,0,63,1,34
14,mixed,hive,20,0,63,2,13
14,mixed,hive,20,0,63,3,1
14,mixed,hive,20,1,63,0,80
14,mixed,hive,20,1,63,1,34
14,mixed,hive,20,1,63,2,13
14,mixed,hive,20,1,63,3,1
14,mixed,hive,20,3,38,0,39
14,mixed,hive,20,3,38,1,15
14,mixed,hive,20,3,38,2,7
14,mixed,hive,20,3,38,3,3
14,mixed,hive,20,4,8,0,9
14,mixed,hive,20,4,8,1,6
14,mixed,hive,20,4,8,2,1
15,default,hive,1,0,1,0,7
15,default,hive,1,0,1,1,1
15,default,hive,1,1,1,0,7
15,default,hive,1,1,1,1,1
15,default,hive,2,0,1,0,7
15,default,hive,2,0,1,1,1
15,default,hive,2,1,1,0,7
15,default,hive,2,1,1,1,1
15,default,hive,3,0,1,0,7
15,default,hive,3,0,1,1,1
15,default,hive,3,1,1,0,7
15,default,hive,3,1,1,1,1
15,default,hive,4,0,1,0,7
15,default,hive,4,0,1,1,1
15,default,hive,4,1,1,0,7
15,default,hive,4,1,1,1,1
15,default,hive,5,0,1,0,7
15,default,hive,5,0,1,1,1
15,default,hive,5,1,1,0,7
15,default,hive,5,1,1,1,1
15,default,hive,6,0,1,0,7
15,default,hive,6,0,1,1,1
15,default,hive,6,1,1,0,7
15,default,hive,6,1,1,1,1
15,default,hive,7,0,1,0,7
15,default,hive,7,0,1,1,1
15,default,hive,7,1,1,0,7
15,default,hive,7,1,1,1,1
15,default,hive,8,0,1,0,7
15,default,hive,8,0,1,1,1
15,default,hive,8,1,1,0,7
15,default,hive,8,1,1,1,1
15,default,hive,9,0,1,0,7
15,default,hive,9,0,1,1,1
15,default,hive,9,1,1,0,7
15,default,hive,9,1,1,1,1
15,default,hive,10,0,2,0,7
15,default,hive,10,0,2,2,1
15,default,hive,10,1,2,0,7
15,default,hive,10,1,2,2,1
15,default,hive,11,0,2,0,7
15,default,hive,11,0,2,2,1
15,default,hive,11,1,2,0,7
15,default,hive,11,1,2,2,1
15,default,hive,12,0,2,0,7
15,default,hive,12,0,2,2,1
15,default,hive,12,1,2,0,7
15,default,hive,12,1,2,2,1
15,default,hive,13,0,3,0,7
15,default,hive,13,0,3,3,1
15,default,hive,13,1,3,0,7
15,default,hive,13,1,3,3,1
15,default,hive,14,0,4,0,7
15,default,hive,14,0,4,4,1
15,default,hive,14,1,4,0,7
15,default,hive,14,1,4,4,1
15,default,hive,15,0,4,0,7
15,default,hive,15,0,4,4,1
15,default,hive,15,1,4,0,7
15,default,hive,15,1,4,4,1
15,default,hive,16,0,6,0,7
15,default,hive,16,0,6,6,1
15,default,hive,16,1,6,0,7
15,default,hive,16,1,6,6,1
15,default,hive,17,0,34,0,63
15,default,hive,17,0,34,34,1
15,default,hive,17,1,68,0,127
15,default,hive,17,1,68,68,1
15,default,hive,17,2,34,0,63
15,default,hive,17,2,34,34,1
15,default,hive,17,3,68,0,127
15,default,hive,17,3,68,68,1
15,default,hive,17,4,68,0,127
15,default,hive,17,4,68,68,1
15,default,hive,17,5,68,0,127
15,default,hive,17,5,68,68,1
15,default,hive,17,6,68,0,127
15,default,hive,17,6,68,68,1
15,default,hive,17,7,67,0,127
15,default,hive,17,7,67,67,1
15,default,hive,18,0,44,0,63
15,default,hive,18,0,44,44,1
15,default,hive,18,1,68,0,127
15,default,hive,18,1,68,68,1
15,default,hive,18,2,44,0,63
15,default,hive,18,2,44,44,1
15,default,hive,18,3,68,0,127
15,default,hive,18,3,68,68,1
15,default,hive,18,4,68,0,127
15,default,hive,18,4,68,68,1
15,default,hive,18,5,68,0,127
15,default,hive,18,5,68,68,1
15,default,hive,18,6,68,0,127
15,default,hive,18,6,68,68,1
15,default,hive,18,7,67,0,127
15,default,hive,18,7,67,67,1
15,default,hive,19,0,44,0,63
15,default,hive,19,0,44,44,1
15,default,hive,19,1,68,0,127
15,default,hive,19,1,68,68,1
15,default,hive,19,2,44,0,63
15,default,hive,19,2,44,44,1
15,default,hive,19,3,68,0,127
15,default,hive,19,3,68,68,1
15,default,hive,19,4,68,0,127
15,default,hive,19,4,68,68,1
15,default,hive,19,5,68,0,127
15,default,hive,19,5,68,68,1
15,default,hive,19,6,68,0,127
15,default,hive,19,6,68,68,1
15,default,hive,19,7,67,0,127
15,default,hive,19,7,67,67,1
15,default,hive,20,0,57,0,127
15,default,hive,20,0,57,57,1
15,default,hive,20,1,68,0,127
15,default,hive,20,1,68,68,1
15,default,hive,20,2,57,0,127
15,default,hive,20,2,57,57,1
15,default,hive,20,3,68,0,127
15,default,hive,20,3,68,68,1
15,default,hive,20,4,68,0,127
15,default,hive,20,4,68,68,1
15,default,hive,20,5,68,0,127
15,default,hive,20,5,68,68,1
15,default,hive,20,6,68,0,127
15,default,hive,20,6,68,68,1
15,default,hive,20,7,67,0,127
15,default,hive,20,7,67,67,1
15,mixed,hive,1,0,1,0,7
15,mixed,hive,1,0,1,1,1
15,mixed,hive,1,1,1,0,7
15,mixed,hive,1,1,1,1,1
15,mixed,hive,2,0,1,0,7
15,mixed,hive,2,0,1,1,1
15,mixed,hive,2,1,1,0,7
15,mixed,hive,2,1,1,1,1
15,mixed,hive,3,0,1,0,7
15,mixed,hive,3,0,1,1,1
15,mixed,hive,3,1,1,0,7
15,mixed,hive,3,1,1,1,1
15,mixed,hive,4,0,1,0,7
15,mixed,hive,4,0,1,1,1
15,mixed,hive,4,1,1,0,7
15,mixed,hive,4,1,1,1,1
15,mixed,hive,5,0,1,0,7
15,mixed,hive,5,0,1,1,1
15,mixed,hive,5,1,1,0,7
15,mixed,hive,5,1,1,1,1
15,mixed,hive,6,0,1,0,7
15,mixed,hive,6,0,1,1,1
15,mixed,hive,6,1,1,0,7
15,mixed,hive,6,1,1,1,1
15,mixed,hive,7,0,1,0,7
15,mixed,hive,7,0,1,1,1
15,mixed,hive,7,1,1,0,7
15,mixed,hive,7,1,1,1,1
15,mixed,hive,8,0,1,0,7
15,mixed,hive,8,0,1,1,1
15,mixed,hive,8,1,1,0,7
15,mixed,hive,8,1,1,1,1
15,mixed,hive,9,0,1,0,7
15,mixed,hive,9,0,1,1,1
15,mixed,hive,9,1,1,0,7
15,mixed,hive,9,1,1,1,1
15,mixed,hive,10,0,2,0,7
15,mixed,hive,10,0,2,2,1
15,mixed,hive,10,1,2,0,7
15,mixed,hive,10,1,2,2,1
15,mixed,hive,11,0,2,0,6
15,mixed,hive,11,0,2,1,2
15,mixed,hive,11,1,2,0,6
15,mixed,hive,11,1,2,1,2
15,mixed,hive,12,0,2,0,6
15,mixed,hive,12,0,2,1,2
15,mixed,hive,12,1,2,0,6
15,mixed,hive,12,1,2,1,2
15,mixed,hive,13,0,3,0,5
15,mixed,hive,13,0,3,1,3
15,mixed,hive,13,1,3,0,5
15,mixed,hive,13,1,3,1,3
15,mixed,hive,14,0,4,0,4
15,mixed,hive,14,0,4,1,4
15,mixed,hive,14,1,4,0,4
15,mixed,hive,14,1,4,1,4
15,mixed,hive,15,0,4,0,5
15,mixed,hive,15,0,4,1,2
15,mixed,hive,15,0,4,2,1
15,mixed,hive,15,1,4,0,5
15,mixed,hive,15,1,4,1,2
15,mixed,hive,15,1,4,2,1
15,mixed,hive,16,0,6,0,3
15,mixed,hive,16,0,6,1,4
15,mixed,hive,16,0,6,2,1
15,mixed,hive,16,1,6,0,3
15,mixed,hive,16,1,6,1,4
15,mixed,hive,16,1,6,2,1
15,mixed,hive,17,0,14,0,20
15,mixed,hive,17,0,14,1,11
15,mixed,hive,17,0,14,3,1
15,mixed,hive,17,1,14,0,20
15,mixed,hive,17,1,14,1,11
15,mixed,hive,17,1,14,3,1
15,mixed,hive,17,3,3,0,6
15,mixed,hive,17,3,3,1,1
15,mixed,hive,17,3,3,2,1
15,mixed,hive,18,0,26,0,47
15,mixed,hive,18,0,26,1,11
15,mixed,hive,18,0,26,2,4
15,mixed,hive,18,0,26,3,1
15,mixed,hive,18,0,26,4,1
15,mixed,hive,18,1,26,0,47
15,mixed,hive,18,1,26,1,11
15,mixed,hive,18,1,26,2,4
15,mixed,hive,18,1,26,3,1
15,mixed,hive,18,1,26,4,1
15,mixed,hive,18,3,6,0,4
15,mixed,hive,18,3,6,1,3
15,mixed,hive,18,3,6,3,1
15,mixed,hive,19,0,42,0,33
15,mixed,hive,19,0,42,1,22
15,mixed,hive,19,0,42,2,7
15,mixed,hive,19,0,42,3,2
15,mixed,hive,19,1,42,0,33
15,mixed,hive,19,1,42,1,22
15,mixed,hive,19,1,42,2,7
15,mixed,hive,19,1,42,3,2
15,mixed,hive,19,3,12,0,7
15,mixed,hive,19,3,12,1,7
15,mixed,hive,19,3,12,2,1
15,mixed,hive,19,3,12,3,1
15,mixed,hive,19,4,2,0,6
15,mixed,hive,19,4,2,1,2
15,mixed,hive,20,0,63,0,80
15,mixed,hive,20,0,63,1,34
15,mixed,hive,20,0,63,2,13
15,mixed,hive,20,0,63,3,1
15,mixed,hive,20,1,63,0,80
15,mixed,hive,20,1,63,1,34
15,mixed,hive,20,1,63,2,13
15,mixed,hive,20,1,63,3,1
15,mixed,hive,20,3,38,0,39
15,mixed,hive,20,3,38,1,15
15,mixed,hive,20,3,38,2,7
15,mixed,hive,20,3,38,3,3
15,mixed,hive,20,4,8,0,9
15,mixed,hive,20,4,8,1,6
15,mixed,hive,20,4,8,2,1
16,default,hive,1,0,1,0,7
16,default,hive,1,0,1,1,1
16,default,hive,1,1,1,0,7
16,default,hive,1,1,1,1,1
16,default,hive,2,0,1,0,7
16,default,hive,2,0,1,1,1
16,default,hive,2,1,1,0,7
16,default,hive,2,1,1,1,1
16,default,hive,3,0,1,0,7
16,default,hive,3,0,1,1,1
16,default,hive,3,1,1,0,7
16,default,hive,3,1,1,1,1
16,default,hive,4,0,1,0,7
16,default,hive,4,0,1,1,1
16,default,hive,4,1,1,0,7
16,default,hive,4,1,1,1,1
16,default,hive,5,0,1,0,7
16,default,hive,5,0,1,1,1
16,default,hive,5,1,1,0,7
16,default,hive,5,1,1,1,1
16,default,hive,6,0,1,0,7
16,default,hive,6,0,1,1,1
16,default,hive,6,1,1,0,7
16,default,hive,6,1,1,1,1
16,default,hive,7,0,1,0,7
16,default,hive,7,0,1,1,1
16,default,hive,7,1,1,0,7
16,default,hive,7,1,1,1,1
16,default,hive,8,0,1,0,7
16,default,hive,8,0,1,1,1
16,default,hive,8,1,1,0,7
16,default,hive,8,1,1,1,1
16,default,hive,9,0,1,0,7
16,default,hive,9,0,1,1,1
16,default,hive,9,1,1,0,7
16,default,hive,9,1,1,1,1
16,default,hive,10,0,2,0,7
16,default,hive,10,0,2,2,1
16,default,hive,10,1,2,0,7
16,default,hive,10,1,2,2,1
16,default,hive,11,0,2,0,7
16,default,hive,11,0,2,2,1
16,default,hive,11,1,2,0,7
16,default,hive,11,1,2,2,1
16,default,hive,12,0,2,0,7
16,default,hive,12,0,2,2,1
16,default,hive,12,1,2,0,7
16,default,hive,12,1,2,2,1
16,default,hive,13,0,3,0,7
16,default,hive,13,0,3,3,1
16,default,hive,13,1,3,0,7
16,default,hive,13,1,3,3,1
16,default,hive,14,0,4,0,7
16,default,hive,14,0,4,4,1
16,default,hive,14,1,4,0,7
16,default,hive,14,1,4,4,1
16,default,hive,15,0,4,0,7
16,default,hive,15,0,4,4,1
16,default,hive,15,1,4,0,7
16,default,hive,15,1,4,4,1
16,default,hive,16,0,6,0,7
16,default,hive,16,0,6,6,1
16,default,hive,16,1,6,0,7
16,default,hive,16,1,6,6,1
16,default,hive,17,0,34,0,63
16,default,hive,17,0,34,34,1
16,default,hive,17,1,68,0,127
16,default,hive,17,1,68,68,1
16,default,hive,17,2,34,0,63
16,default,hive,17,2,34,34,1
16,default,hive,17,3,68,0,127
16,default,hive,17,3,68,68,1
16,default,hive,17,4,68,0,127
16,default,hive,17,4,68,68,1
16,default,hive,17,5,68,0,127
16,default,hive,17,5,68,68,1
16,default,hive,17,6,68,0,127
16,default,hive,17,6,68,68,1
16,default,hive,17,7,67,0,127
16,default,hive,17,7,67,67,1
16,default,hive,18,0,44,0,63
16,default,hive,18,0,44,44,1
16,default,hive,18,1,68,0,127
16,default,hive,18,1,68,68,1
16,default,hive,18,2,44,0,63
16,default,hive,18,2,44,44,1
16,default,hive,18,3,68,0,127
16,default,hive,18,3,68,68,1
16,default,hive,18,4,68,0,127
16,default,hive,18,4,68,68,1
16,default,hive,18,5,68,0,127
16,default,hive,18,5,68,68,1
16,default,hive,18,6,68,0,127
16,default,hive,18,6,68,68,1
16,default,hive,18,7,67,0,127
16,default,hive,18,7,67,67,1
16,default,hive,19,0,44,0,63
16,default,hive,19,0,44,44,1
16,default,hive,19,1,68,0,127
16,default,hive,19,1,68,68,1
16,default,hive,19,2,44,0,63
16,default,hive,19,2,44,44,1
16,default,hive,19,3,68,0,127
16,default,hive,19,3,68,68,1
16,default,hive,19,4,68,0,127
16,default,hive,19,4,68,68,1
16,default,hive,19,5,68,0,127
16,default,hive,19,5,68,68,1
16,default,hive,19,6,68,0,127
16,default,hive,19,6,68,68,1
16,default,hive,19,7,67,0,127
16,default,hive,19,7,67,67,1
16,default,hive,20,0,57,0,127
16,default,hive,20,0,57,57,1
16,default,hive,20,1,68,0,127
16,default,hive,20,1,68,68,1
16,default,hive,20,2,57,0,127
16,default,hive,20,2,57,57,1
16,default,hive,20,3,68,0,127
16,default,hive,20,3,68,68,1
16,default,hive,20,4,68,0,127
16,default,hive,20,4,68,68,1
16,default,hive,20,5,68,0,127
16,default,hive,20,5,68,68,1
16,default,hive,20,6,68,0,127
16,default,hive,20,6,68,68,1
16,default,hive,20,7,67,0,127
16,default,hive,20,7,67,67,1
16,mixed,hive,1,0,1,0,7
16,mixed,hive,1,0,1,1,1
16,mixed,hive,1,1,1,0,7
16,mixed,hive,1,1,1,1,1
16,mixed,hive,2,0,1,0,7
16,mixed,hive,2,0,1,1,1
16,mixed,hive,2,1,1,0,7
16,mixed,hive,2,1,1,1,1
16,mixed,hive,3,0,1,0,7
16,mixed,hive,3,0,1,1,1
16,mixed,hive,3,1,1,0,7
16,mixed,hive,3,1,1,1,1
16,mixed,hive,4,0,1,0,7
16,mixed,hive,4,0,1,1,1
16,mixed,hive,4,1,1,0,7
16,mixed,hive,4,1,1,1,1
16,mixed,hive,5,0,1,0,7
16,mixed,hive,5,0,1,1,1
16,mixed,hive,5,1,1,0,7
16,mixed,hive,5,1,1,1,1
16,mixed,hive,6,0,1,0,7
16,mixed,hive,6,0,1,1,1
16,mixed,hive,6,1,1,0,7
16,mixed,hive,6,1,1,1,1
16,mixed,hive,7,0,1,0,7
16,mixed,hive,7,0,1,1,1
16,mixed,hive,7,1,1,0,7
16,mixed,hive,7,1,1,1,1
16,mixed,hive,8,0,1,0,7
16,mixed,hive,8,0,1,1,1
16,mixed,hive,8,1,1,0,7
16,mixed,hive,8,1,1,1,1
16,mixed,hive,9,0,1,0,7
16,mixed,hive,9,0,1,1,1
16,mixed,hive,9,1,1,0,7
16,mixed,hive,9,1,1,1,1
16,mixed,hive,10,0,2,0,7
16,mixed,hive,10,0,2,2,1
16,mixed,hive,10,1,2,0,7
16,mixed,hive,10,1,2,2,1
16,mixed,hive,11,0,2,0,6
16,mixed,hive,11,0,2,1,2
16,mixed,hive,11,1,2,0,6
16,mixed,hive,11,1,2,1,2
16,mixed,hive,12,0,2,0,6
16,mixed,hive,12,0,2,1,2
16,mixed,hive,12,1,2,0,6
16,mixed,hive,12,1,2,1,2
16,mixed,hive,13,0,3,0,5
16,mixed,hive,13,0,3,1,3
16,mixed,hive,13,1,3,0,5
16,mixed,hive,13,1,3,1,3
16,mixed,hive,14,0,4,0,4
16,mixed,hive,14,0,4,1,4
16,mixed,hive,14,1,4,0,4
16,mixed,hive,14,1,4,1,4
16,mixed,hive,15,0,4,0,5
16,mixed,hive,15,0,4,1,2
16,mixed,hive,15,0,4,2,1
16,mixed,hive,15,1,4,0,5
16,mixed,hive,15,1,4,1,2
16,mixed,hive,15,1,4,2,1
16,mixed,hive,16,0,6,0,3
16,mixed,hive,16,0,6,1,4
16,mixed,hive,16,0,6,2,1
16,mixed,hive,16,1,6,0,3
16,mixed,hive,16,1,6,1,4
16,mixed,hive,16,1,6,2,1
16,mixed,hive,17,0,14,0,20
16,mixed,hive,17,0,14,1,11
16,mixed,hive,17,0,14,3,1
16,mixed,hive,17,1,14,0,20
16,mixed,hive,17,1,14,1,11
16,mixed,hive,17,1,14,3,1
16,mixed,hive,17,3,3,0,6
16,mixed,hive,17,3,3,1,1
16,mixed,hive,17,3,3,2,1
16,mixed,hive,18,0,26,0,47
16,mixed,hive,18,0,26,1,11
16,mixed,hive,18,0,26,2,4
16,mixed,hive,18,0,26,3,1
16,mixed,hive,18,0,26,4,1
16,mixed,hive,18,1,26,0,47
16,mixed,hive,18,1,26,1,11
16,mixed,hive,18,1,26,2,4
16,mixed,hive,18,1,26,3,1
16,mixed,hive,18,1,26,4,1
16,mixed,hive,18,3,6,0,4
16,mixed,hive,18,3,6,1,3
16,mixed,hive,18,3,6,3,1
16,mixed,hive,19,0,42,0,33
16,mixed,hive,19,0,42,1,22
16,mixed,hive,19,0,42,2,7
16,mixed,hive,19,0,42,3,2
16,mixed,hive,19,1,42,0,33
16,mixed,hive,19,1,42,1,22
16,mixed,hive,19,1,42,2,7
16,mixed,hive,19,1,42,3,2
16,mixed,hive,19,3,12,0,7
16,mixed,hive,19,3,12,1,7
16,mixed,hive,19,3,12,2,1
16,mixed,hive,19,3,12,3,1
16,mixed,hive,19,4,2,0,6
16,mixed,hive,19,4,2,1,2
16,mixed,hive,20,0,63,0,80
16,mixed,hive,20,0,63,1,34
16,mixed,hive,20,0,63,2,13
16,mixed,hive,20,0,63,3,1
16,mixed,hive,20,1,63,0,80
16,mixed,hive,20,1,63,1,34
16,mixed,hive,20,1,63,2,13
16,mixed,hive,20,1,63,3,1
16,mixed,hive,20,3,38,0,39
16,mixed,hive,20,3,38,1,15
16,mixed,hive,20,3,38,2,7
16,mixed,hive,20,3,38,3,3
16,mixed,hive,20,4,8,0,9
16,mixed,hive,20,4,8,1,6
16,mixed,hive,20,4,8,2,1
17,default,hive,1,0,1,0,7
17,default,hive,1,0,1,1,1
17,default,hive,1,1,1,0,7
17,default,hive,1,1,1,1,1
17,default,hive,2,0,1,0,7
17,default,hive,2,0,1,1,1
17,default,hive,2,1,1,0,7
17,default,hive,2,1,1,1,1
17,default,hive,3,0,1,0,7
17,default,hive,3,0,1,1,1
17,default,hive,3,1,1,0,7
17,default,hive,3,1,1,1,1
17,default,hive,4,0,1,0,7
17,default,hive,4,0,1,1,1
17,default,hive,4,1,1,0,7
17,default,hive,4,1,1,1,1
17,default,hive,5,0,1,0,7
17,default,hive,5,0,1,1,1
17,default,hive,5,1,1,0,7
17,default,hive,5,1,1,1,1
17,default,hive,6,0,1,0,7
17,default,hive,6,0,1,1,1
17,default,hive,6,1,1,0,7
17,default,hive,6,1,1,1,1
17,default,hive,7,0,1,0,7
17,default,hive,7,0,1,1,1
17,default,hive,7,1,1,0,7
17,default,hive,7,1,1,1,1
17,default,hive,8,0,1,0,7
17,default,hive,8,0,1,1,1
17,default,hive,8,1,1,0,7
17,default,hive,8,1,1,1,1
17,default,hive,9,0,1,0,7
17,default,hive,9,0,1,1,1
17,default,hive,9,1,1,0,7
17,default,hive,9,1,1,1,1
17,default,hive,10,0,2,0,7
17,default,hive,10,0,2,2,1
17,default,hive,10,1,2,0,7
17,default,hive,10,1,2,2,1
17,default,hive,11,0,2,0,7
17,default,hive,11,0,2,2,1
17,default,hive,11,1,2,0,7
17,default,hive,11,1,2,2,1
17,default,hive,12,0,2,0,7
17,default,hive,12,0,2,2,1
17,default,hive,12,1,2,0,7
17,default,hive,12,1,2,2,1
17,default,hive,13,0,3,0,7
17,default,hive,13,0,3,3,1
17,default,hive,13,1,3,0,7
17,default,hive,13,1,3,3,1
17,default,hive,14,0,4,0,7
17,default,hive,14,0,4,4,1
17,default,hive,14,1,4,0,7
17,default,hive,14,1,4,4,1
17,default,hive,15,0,4,0,7
17,default,hive,15,0,4,4,1
17,default,hive,15,1,4,0,7
17,default,hive,15,1,4,4,1
17,default,hive,16,0,6,0,7
17,default,hive,16,0,6,6,1
17,default,hive,16,1,6,0,7
17,default,hive,16,1,6,6,1
17,default,hive,17,0,34,0,63
17,default,hive,17,0,34,34,1
17,default,hive,17,1,68,0,127
17,default,hive,17,1,68,68,1
17,default,hive,17,2,34,0,63
17,default,hive,17,2,34,34,1
17,default,hive,17,3,68,0,127
17,default,hive,17,3,68,68,1
17,default,hive,17,4,68,0,127
17,default,hive,17,4,68,68,1
17,default,hive,17,5,68,0,127
17,default,hive,17,5,68,68,1
17,default,hive,17,6,68,0,127
17,default,hive,17,6,68,68,1
17,default,hive,17,7,67,0,127
17,default,hive,17,7,67,67,1
17,default,hive,18,0,44,0,63
17,default,hive,18,0,44,44,1
17,default,hive,18,1,68,0,127
17,default,hive,18,1,68,68,1
17,default,hive,18,2,44,0,63
17,default,hive,18,2,44,44,1
17,default,hive,18,3,68,0,127
17,default,hive,18,3,68,68,1
17,default,hive,18,4,68,0,127
17,default,hive,18,4,68,68,1
17,default,hive,18,5,68,0,127
17,default,hive,18,5,68,68,1
17,default,hive,18,6,68,0,127
17,default,hive,18,6,68,68,1
17,default,hive,18,7,67,0,127
17,default,hive,18,7,67,67,1
17,default,hive,19,0,44,0,63
17,default,hive,19,0,44,44,1
17,default,hive,19,1,68,0,127
17,default,hive,19,1,68,68,1
17,default,hive,19,2,44,0,63
17,default,hive,19,2,44,44,1
17,default,hive,19,3,68,0,127
17,default,hive,19,3,68,68,1
17,default,hive,19,4,68,0,127
17,default,hive,19,4,68,68,1
17,default,hive,19,5,68,0,127
17,default,hive,19,5,68,68,1
17,default,hive,19,6,68,0,127
17,default,hive,19,6,68,68,1
17,default,hive,19,7,67,0,127
17,default,hive,19,7,67,67,1
17,default,hive,20,0,57,0,127
17,default,hive,20,0,57,57,1
17,default,hive,20,1,68,0,127
17,default,hive,20,1,68,68,1
17,default,hive,20,2,57,0,127
17,default,hive,20,2,57,57,1
17,default,hive,20,3,68,0,127
17,default,hive,20,3,68,68,1
17,default,hive,20,4,68,0,127
17,default,hive,20,4,68,68,1
17,default,hive,20,5,68,0,127
17,default,hive,20,5,68,68,1
17,default,hive,20,6,68,0,127
17,default,hive,20,6,68,68,1
17,default,hive,20,7,67,0,127
17,default,hive,20,7,67,67,1
17,mixed,hive,1,0,1,0,7
17,mixed,hive,1,0,1,1,1
17,mixed,hive,1,1,1,0,7
17,mixed,hive,1,1,1,1,1
17,mixed,hive,2,0,1,0,7
17,mixed,hive,2,0,1,1,1
17,mixed,hive,2,1,1,0,7
17,mixed,hive,2,1,1,1,1
17,mixed,hive,3,0,1,0,7
17,mixed,hive,3,0,1,1,1
17,mixed,hive,3,1,1,0,7
17,mixed,hive,3,1,1,1,1
17,mixed,hive,4,0,1,0,7
17,mixed,hive,4,0,1,1,1
17,mixed,hive,4,1,1,0,7
17,mixed,hive,4,1,1,1,1
17,mixed,hive,5,0,1,0,7
17,mixed,hive,5,0,1,1,1
17,mixed,hive,5,1,1,0,7
17,mixed,hive,5,1,1,1,1
17,mixed,hive,6,0,1,0,7
17,mixed,hive,6,0,1,1,1
17,mixed,hive,6,1,1,0,7
17,mixed,hive,6,1,1,1,1
17,mixed,hive,7,0,1,0,7
17,mixed,hive,7,0,1,1,1
17,mixed,hive,7,1,1,0,7
17,mixed,hive,7,1,1,1,1
17,mixed,hive,8,0,1,0,7
17,mixed,hive,8,0,1,1,1
17,mixed,hive,8,1,1,0,7
17,mixed,hive,8,1,1,1,1
17,mixed,hive,9,0,1,0,7
17,mixed,hive,9,0,1,1,1
17,mixed,hive,9,1,1,0,7
17,mixed,hive,9,1,1,1,1
17,mixed,hive,10,0,2,0,7
17,mixed,hive,10,0,2,2,1
17,mixed,hive,10,1,2,0,7
17,mixed,hive,10,1,2,2,1
17,mixed,hive,11,0,2,0,6
17,mixed,hive,11,0,2,1,2
17,mixed,hive,11,1,2,0,6
17,mixed,hive,11,1,2,1,2
17,mixed,hive,12,0,2,0,6
17,mixed,hive,12,0,2,1,2
17,mixed,hive,12,1,2,0,6
17,mixed,hive,12,1,2,1,2
17,mixed,hive,13,0,3,0,5
17,mixed,hive,13,0,3,1,3
17,mixed,hive,13,1,3,0,5
17,mixed,hive,13,1,3,1,3
17,mixed,hive,14,0,4,0,4
17,mixed,hive,14,0,4,1,4
17,mixed,hive,14,1,4,0,4
17,mixed,hive,14,1,4,1,4
17,mixed,hive,15,0,4,0,5
17,mixed,hive,15,0,4,1,2
17,mixed,hive,15,0,4,2,1
17,mixed,hive,15,1,4,0,5
17,mixed,hive,15,1,4,1,2
17,mixed,hive,15,1,4,2,1
17,mixed,hive,16,0,6,0,3
17,mixed,hive,16,0,6,1,4
17,mixed,hive,16,0,6,2,1
17,mixed,hive,16,1,6,0,3
17,mixed,hive,16,1,6,1,4
17,mixed,hive,16,1,6,2,1
17,mixed,hive,17,0,14,0,20
17,mixed,hive,17,0,14,1,11
17,mixed,hive,17,0,14,3,1
17,mixed,hive,17,1,14,0,20
17,mixed,hive,17,1,14,1,11
17,mixed,hive,17,1,14,3,1
17,mixed,hive,17,3,3,0,6
17,mixed,hive,17,3,3,1,1
17,mixed,hive,17,3,3,2,1
17,mixed,hive,18,0,26,0,47
17,mixed,hive,18,0,26,1,11
17,mixed,hive,18,0,26,2,4
17,mixed,hive,18,0,26,3,1
17,mixed,hive,18,0,26,4,1
17,mixed,hive,18,1,26,0,47
17,mixed,hive,18,1,26,1,11
17,mixed,hive,18,1,26,2,4
17,mixed,hive,18,1,26,3,1
17,mixed,hive,18,1,26,4,1
17,mixed,hive,18,3,6,0,4
17,mixed,hive,18,3,6,1,3
17,mixed,hive,18,3,6,3,1
17,mixed,hive,19,0,42,0,33
17,mixed,hive,19,0,42,1,22
17,mixed,hive,19,0,42,2,7
17,mixed,hive,19,0,42,3,2
17,mixed,hive,19,1,42,0,33
17,mixed,hive,19,1,42,1,22
17,mixed,hive,19,1,42,2,7
17,mixed,hive,19,1,42,3,2
17,mixed,hive,19,3,12,0,7
17,mixed,hive,19,3,12,1,7
17,mixed,hive,19,3,12,2,1
17,mixed,hive,19,3,12,3,1
17,mixed,hive,19,4,2,0,6
17,mixed,hive,19,4,2,1,2
17,mixed,hive,20,0,63,0,80
17,mixed,hive,20,0,63,1,34
17,mixed,hive,20,0,63,2,13
17,mixed,hive,20,0,63,3,1
17,mixed,hive,20,1,63,0,80
17,mixed,hive,20,1,63,1,34
17,mixed,hive,20,1,63,2,13
17,mixed,hive,20,1,63,3,1
17,mixed,hive,20,3,38,0,39
17,mixed,hive,20,3,38,1,15
17,mixed,hive,20,3,38,2,7
17,mixed,hive,20,3,38,3,3
17,mixed,hive,20,4,8,0,9
17,mixed,hive,20,4,8,1,6
17,mixed,hive,20,4,8,2,1
18,default,hive,1,0,1,0,7
18,default,hive,1,0,1,1,1
18,default,hive,1,1,1,0,7
18,default,hive,1,1,1,1,1
18,default,hive,2,0,1,0,7
18,default,hive,2,0,1,1,1
18,default,hive,2,1,1,0,7
18,default,hive,2,1,1,1,1
18,default,hive,3,0,1,0,7
18,default,hive,3,0,1,1,1
18,default,hive,3,1,1,0,7
18,default,hive,3,1,1,1,1
18,default,hive,4,0,1,0,7
18,default,hive,4,0,1,1,1
18,default,hive,4,1,1,0,7
18,default,hive,4,1,1,1,1
18,default,hive,5,0,1,0,7
18,default,hive,5,0,1,1,1
18,default,hive,5,1,1,0,7
18,default,hive,5,1,1,1,1
18,default,hive,6,0,1,0,7
18,default,hive,6,0,1,1,1
18,default,hive,6,1,1,0,7
18,default,hive,6,1,1,1,1
18,default,hive,7,0,1,0,7
18,default,hive,7,0,1,1,1
18,default,hive,7,1,1,0,7
18,default,hive,7,1,1,1,1
18,default,hive,8,0,1,0,7
18,default,hive,8,0,1,1,1
18,default,hive,8,1,1,0,7
18,default,hive,8,1,1,1,1
18,default,hive,9,0,1,0,7
18,default,hive,9,0,1,1,1
18,default,hive,9,1,1,0,7
18,default,hive,9,1,1,1,1
18,default,hive,10,0,2,0,7
18,default,hive,10,0,2,2,1
18,default,hive,10,1,2,0,7
18,default,hive,10,1,2,2,1
18,default,hive,11,0,2,0,7
18,default,hive,11,0,2,2,1
18,default,hive,11,1,2,0,7
18,default,hive,11,1,2,2,1
18,default,hive,12,0,2,0,7
18,default,hive,12,0,2,2,1
18,default,hive,12,1,2,0,7
18,default,hive,12,1,2,2,1
18,default,hive,13,0,3,0,7
18,default,hive,13,0,3,3,1
18,default,hive,13,1,3,0,7
18,default,hive,13,1,3,3,1
18,default,hive,14,0,4,0,7
18,default,hive,14,0,4,4,1
18,default,hive,14,1,4,0,7
18,default,hive,14,1,4,4,1
18,default,hive,15,0,4,0,7
18,default,hive,15,0,4,4,1
18,default,hive,15,1,4,0,7
18,default,hive,15,1,4,4,1
18,default,hive,16,0,6,0,7
18,default,hive,16,0,6,6,1
18,default,hive,16,1,6,0,7
18,default,hive,16,1,6,6,1
18,default,hive,17,0,34,0,63
18,default,hive,17,0,34,34,1
18,default,hive,17,1,68,0,127
18,default,hive,17,1,68,68,1
18,default,hive,17,2,34,0,63
18,default,hive,17,2,34,34,1
18,default,hive,17,3,68,0,127
18,default,hive,17,3,68,68,1
18,default,hive,17,4,68,0,127
18,default,hive,17,4,68,68,1
18,default,hive,17,5,68,0,127
18,default,hive,17,5,68,68,1
18,default,hive,17,6,68,0,127
18,default,hive,17,6,68,68,1
18,default,hive,17,7,67,0,127
18,default,hive,17,7,67,67,1
18,default,hive,18,0,44,0,63
18,default,hive,18,0,44,44,1
18,default,hive,18,1,68,0,127
18,default,hive,18,1,68,68,1
18,default,hive,18,2,44,0,63
18,default,hive,18,2,44,44,1
18,default,hive,18,3,68,0,127
18,default,hive,18,3,68,68,1
18,default,hive,18,4,68,0,127
18,default,hive,18,4,68,68,1
18,default,hive,18,5,68,0,127
18,default,hive,18,5,68,68,1
18,default,hive,18,6,68,0,127
18,default,hive,18,6,68,68,1
18,default,hive,18,7,67,0,127
18,default,hive,18,7,67,67,1
18,default,hive,19,0,44,0,63
18,default,hive,19,0,44,44,1
18,default,hive,19,1,68,0,127
18,default,hive,19,1,68,68,1
18,default,hive,19,2,44,0,63
18,default,hive,19,2,44,44,1
18,default,hive,19,3,68,0,127
18,default,hive,19,3,68,68,1
18,default,hive,19,4,68,0,127
18,default,hive,19,4,68,68,1
18,default,hive,19,5,68,0,127
18,default,hive,19,5,68,68,1
18,default,hive,19,6,68,0,127
18,default,hive,19,6,68,68,1
18,default,hive,19,7,67,0,127
18,default,hive,19,7,67,67,1
18,default,hive,20,0,57,0,127
18,default,hive,20,0,57,57,1
18,default,hive,20,1,68,0,127
18,default,hive,20,1,68,68,1
18,default,hive,20,2,57,0,127
18,default,hive,20,2,57,57,1
18,default,hive,20,3,68,0,127
18,default,hive,20,3,68,68,1
18,default,hive,20,4,68,0,127
18,default,hive,20,4,68,68,1
18,default,hive,20,5,68,0,127
18,default,hive,20,5,68,68,1
18,default,hive,20,6,68,0,127
18,default,hive,20,6,68,68,1
18,default,hive,20,7,67,0,127
18,default,hive,20,7,67,67,1
18,mixed,hive,1,0,1,0,7
18,mixed,hive,1,0,1,1,1
18,mixed,hive,1,1,1,0,7
18,mixed,hive,1,1,1,1,1
18,mixed,hive,2,0,1,0,7
18,mixed,hive,2,0,1,1,1
18,mixed,hive,2,1,1,0,7
18,mixed,hive,2,1,1,1,1
18,mixed,hive,3,0,1,0,7
18,mixed,hive,3,0,1,1,1
18,mixed,hive,3,1,1,0,7
18,mixed,hive,3,1,1,1,1
18,mixed,hive,4,0,1,0,7
18,mixed,hive,4,0,1,1,1
18,mixed,hive,4,1,1,0,7
18,mixed,hive,4,1,1,1,1
18,mixed,hive,5,0,1,0,7
18,mixed,hive,5,0,1,1,1
18,mixed,hive,5,1,1,0,7
18,mixed,hive,5,1,1,1,1
18,mixed,hive,6,0,1,0,7
18,mixed,hive,6,0,1,1,1
18,mixed,hive,6,1,1,0,7
18,mixed,hive,6,1,1,1,1
18,mixed,hive,7,0,1,0,7
18,mixed,hive,7,0,1,1,1
18,mixed,hive,7,1,1,0,7
18,mixed,hive,7,1,1,1,1
18,mixed,hive,8,0,1,0,7
18,mixed,hive,8,0,1,1,1
18,mixed,hive,8,1,1,0,7
18,mixed,hive,8,1,1,1,1
18,mixed,hive,9,0,1,0,7
18,mixed,hive,9,0,1,1,1
18,mixed,hive,9,1,1,0,7
18,mixed,hive,9,1,1,1,1
18,mixed,hive,10,0,2,0,7
18,mixed,hive,10,0,2,2,1
18,mixed,hive,10,1,2,0,7
18,mixed,hive,10,1,2,2,1
18,mixed,hive,11,0,2,0,6
18,mixed,hive,11,0,2,1,2
18,mixed,hive,11,1,2,0,6
18,mixed,hive,11,1,2,1,2
18,mixed,hive,12,0,2,0,6
18,mixed,hive,12,0,2,1,2
18,mixed,hive,12,1,2,0,6
18,mixed,hive,12,1,2,1,2
18,mixed,hive,13,0,3,0,5
18,mixed,hive,13,0,3,1,3
18,mixed,hive,13,1,3,0,5
18,mixed,hive,13,1,3,1,3
18,mixed,hive,14,0,4,0,4
18,mixed,hive,14,0,4,1,4
18,mixed,hive,14,1,4,0,4
18,mixed,hive,14,1,4,1,4
18,mixed,hive,15,0,4,0,5
18,mixed,hive,15,0,4,1,2
18,mixed,hive,15,0,4,2,1
18,mixed,hive,15,1,4,0,5
18,mixed,hive,15,1,4,1,2
18,mixed,hive,15,1,4,2,1
18,mixed,hive,16,0,6,0,3
18,mixed,hive,16,0,6,1,4
18,mixed,hive,16,0,6,2,1
18,mixed,hive,16,1,6,0,3
18,mixed,hive,16,1,6,1,4
18,mixed,hive,16,1,6,2,1
18,mixed,hive,17,0,14,0,20
18,mixed,hive,17,0,14,1,11
18,mixed,hive,17,0,14,3,1
18,mixed,hive,17,1,14,0,20
18,mixed,hive,17,1,14,1,11
18,mixed,hive,17,1,14,3,1
18,mixed,hive,17,3,3,0,6
18,mixed,hive,17,3,3,1,1
18,mixed,hive,17,3,3,2,1
18,mixed,hive,18,0,26,0,47
18,mixed,hive,18,0,26,1,11
18,mixed,hive,18,0,26,2,4
18,mixed,hive,18,0,26,3,1
18,mixed,hive,18,0,26,4,1
18,mixed,hive,18,1,26,0,47
18,mixed,hive,18,1,26,1,11
18,mixed,hive,18,1,26,2,4
18,mixed,hive,18,1,26,3,1
18,mixed,hive,18,1,26,4,1
18,mixed,hive,18,3,6,0,4
18,mixed,hive,18,3,6,1,3
18,mixed,hive,18,3,6,3,1
18,mixed,hive,19,0,42,0,33
18,mixed,hive,19,0,42,1,22
18,mixed,hive,19,0,42,2,7
18,mixed,hive,19,0,42,3,2
18,mixed,hive,19,1,42,0,33
18,mixed,hive,19,1,42,1,22
18,mixed,hive,19,1,42,2,7
18,mixed,hive,19,1,42,3,2
18,mixed,hive,19,3,12,0,7
18,mixed,hive,19,3,12,1,7
18,mixed,hive,19,3,12,2,1
18,mixed,hive,19,3,12,3,1
18,mixed,hive,19,4,2,0,6
18,mixed,hive,19,4,2,1,2
18,mixed,hive,20,0,63,0,80
18,mixed,hive,20,0,63,1,34
18,mixed,hive,20,0,63,2,13
18,mixed,hive,20,0,63,3,1
18,mixed,hive,20,1,63,0,80
18,mixed,hive,20,1,63,1,34
18,mixed,hive,20,1,63,2,13
18,mixed,hive,20,1,63,3,1
18,mixed,hive,20,3,38,0,39
18,mixed,hive,20,3,38,1,15
18,mixed,hive,20,3,38,2,7
18,mixed,hive,20,3,38,3,3
18,mixed,hive,20,4,8,0,9
18,mixed,hive,20,4,8,1,6
18,mixed,hive,20,4,8,2,1
19,default,hive,1,0,1,0,7
19,default,hive,1,0,1,1,1
19,default,hive,1,1,1,0,7
19,default,hive,1,1,1,1,1
19,default,hive,2,0,1,0,7
19,default,hive,2,0,1,1,1
19,default,hive,2,1,1,0,7
19,default,hive,2,1,1,1,1
19,default,hive,3,0,1,0,7
19,default,hive,3,0,1,1,1
19,default,hive,3,1,1,0,7
19,default,hive,3,1,1,1,1
19,default,hive,4,0,1,0,7
19,default,hive,4,0,1,1,1
19,default,hive,4,1,1,0,7
19,default,hive,4,1,1,1,1
19,default,hive,5,0,1,0,7
19,default,hive,5,0,1,1,1
19,default,hive,5,1,1,0,7
19,default,hive,5,1,1,1,1
19,default,hive,6,0,1,0,7
19,default,hive,6,0,1,1,1
19,default,hive,6,1,1,0,7
19,default,hive,6,1,1,1,1
19,default,hive,7,0,1,0,7
19,default,hive,7,0,1,1,1
19,default,hive,7,1,1,0,7
19,default,hive,7,1,1,1,1
19,default,hive,8,0,1,0,7
19,default,hive,8,0,1,1,1
19,default,hive,8,1,1,0,7
19,default,hive,8,1,1,1,1
19,default,hive,9,0,1,0,7
19,default,hive,9,0,1,1,1
19,default,hive,9,1,1,0,7
19,default,hive,9,1,1,1,1
19,default,hive,10,0,2,0,7
19,default,hive,10,0,2,2,1
19,default,hive,10,1,2,0,7
19,default,hive,10,1,2,2,1
19,default,hive,11,0,2,0,7
19,default,hive,11,0,2,2,1
19,default,hive,11,1,2,0,7
19,default,hive,11,1,2,2,1
19,default,hive,12,0,2,0,7
19,default,hive,12,0,2,2,1
19,default,hive,12,1,2,0,7
19,default,hive,12,1,2,2,1
19,default,hive,13,0,3,0,7
19,default,hive,13,0,3,3,1
19,default,hive,13,1,3,0,7
19,default,hive,13,1,3,3,1
19,default,hive,14,0,4,0,7
19,default,hive,14,0,4,4,1
19,default,hive,14,1,4,0,7
19,default,hive,14,1,4,4,1
19,default,hive,15,0,4,0,7
19,default,hive,15,0,4,4,1
19,default,hive,15,1,4,0,7
19,default,hive,15,1,4,4,1
19,default,hive,16,0,6,0,7
19,default,hive,16,0,6,6,1
19,default,hive,16,1,6,0,7
19,default,hive,16,1,6,6,1
19,default,hive,17,0,34,0,63
19,default,hive,17,0,34,34,1
19,default,hive,17,1,68,0,127
19,default,hive,17,1,68,68,1
19,default,hive,17,2,34,0,63
19,default,hive,17,2,34,34,1
19,default,hive,17,3,68,0,127
19,default,hive,17,3,68,68,1
19,default,hive,17,4,68,0,127
19,default,hive,17,4,68,68,1
19,default,hive,17,5,68,0,127
19,default,hive,17,5,68,68,1
19,default,hive,17,6,68,0,127
19,default,hive,17,6,68,68,1
19,default,hive,17,7,67,0,127
19,default,hive,17,7,67,67,1
19,default,hive,18,0,44,0,63
19,default,hive,18,0,44,44,1
19,default,hive,18,1,68,0,127
19,default,hive,18,1,68,68,1
19,default,hive,18,2,44,0,63
19,default,hive,18,2,44,44,1
19,default,hive,18,3,68,0,127
19,default,hive,18,3,68,68,1
19,default,hive,18,4,68,0,127
19,default,hive,18,4,68,68,1
19,default,hive,18,5,68,0,127
19,default,hive,18,5,68,68,1
19,default,hive,18,6,68,0,127
19,default,hive,18,6,68,68,1
19,default,hive,18,7,67,0,127
19,default,hive,18,7,67,67,1
19,default,hive,19,0,44,0,63
19,default,hive,19,0,44,44,1
19,default,hive,19,1,68,0,127
19,default,hive,19,1,68,68,1
19,default,hive,19,2,44,0,63
19,default,hive,19,2,44,44,1
19,default,hive,19,3,68,0,127
19,default,hive,19,3,68,68,1
19,default,hive,19,4,68,0,127
19,default,hive,19,4,68,68,1
19,default,hive,19,5,68,0,127
19,default,hive,19,5,68,68,1
19,default,hive,19,6,68,0,127
19,default,hive,19,6,68,68,1
19,default,hive,19,7,67,0,127
19,default,hive,19,7,67,67,1
19,default,hive,20,0,57,0,127
19,default,hive,20,0,57,57,1
19,default,hive,20,1,68,0,127
19,default,hive,20,1,68,68,1
19,default,hive,20,2,57,0,127
19,default,hive,20,2,57,57,1
19,default,hive,20,3,68,0,127
19,default,hive,20,3,68,68,1
19,default,hive,20,4,68,0,127
19,default,hive,20,4,68,68,1
19,default,hive,20,5,68,0,127
19,default,hive,20,5,68,68,1
19,default,hive,20,6,68,0,127
19,default,hive,20,6,68,68,1
19,default,hive,20,7,67,0,127
19,default,hive,20,7,67,67,1
19,mixed,hive,1,0,1,0,7
19,mixed,hive,1,0,1,1,1
19,mixed,hive,1,1,1,0,7
19,mixed,hive,1,1,1,1,1
19,mixed,hive,2,0,1,0,7
19,mixed,hive,2,0,1,1,1
19,mixed,hive,2,1,1,0,7
19,mixed,hive,2,1,1,1,1
19,mixed,hive,3,0,1,0,7
19,mixed,hive,3,0,1,1,1
19,mixed,hive,3,1,1,0,7
19,mixed,hive,3,1,1,1,1
19,mixed,hive,4,0,1,0,7
19,mixed,hive,4,0,1,1,1
19,mixed,hive,4,1,1,0,7
19,mixed,hive,4,1,1,1,1
19,mixed,hive,5,0,1,0,7
19,mixed,hive,5,0,1,1,1
19,mixed,hive,5,1,1,0,7
19,mixed,hive,5,1,1,1,1
19,mixed,hive,6,0,1,0,7
19,mixed,hive,6,0,1,1,1
19,mixed,hive,6,1,1,0,7
19,mixed,hive,6,1,1,1,1
19,mixed,hive,7,0,1,0,7
19,mixed,hive,7,0,1,1,1
19,mixed,hive,7,1,1,0,7
19,mixed,hive,7,1,1,1,1
19,mixed,hive,8,0,1,0,7
19,mixed,hive,8,0,1,1,1
19,mixed,hive,8,1,1,0,7
19,mixed,hive,8,1,1,1,1
19,mixed,hive,9,0,1,0,7
19,mixed,hive,9,0,1,1,1
19,mixed,hive,9,1,1,0,7
19,mixed,hive,9,1,1,1,1
19,mixed,hive,10,0,2,0,7
19,mixed,hive,10,0,2,2,1
19,mixed,hive,10,1,2,0,7
19,mixed,hive,10,1,2,2,1
19,mixed,hive,11,0,2,0,6
19,mixed,hive,11,0,2,1,2
19,mixed,hive,11,1,2,0,6
19,mixed,hive,11,1,2,1,2
19,mixed,hive,12,0,2,0,6
19,mixed,hive,12,0,2,1,2
19,mixed,hive,12,1,2,0,6
19,mixed,hive,12,1,2,1,2
19,mixed,hive,13,0,3,0,5
19,mixed,hive,13,0,3,1,3
19,mixed,hive,13,1,3,0,5
19,mixed,hive,13,1,3,1,3
19,mixed,hive,14,0,4,0,4
19,mixed,hive,14,0,4,1,4
19,mixed,hive,14,1,4,0,4
19,mixed,hive,14,1,4,1,4
19,mixed,hive,15,0,4,0,5
19,mixed,hive,15,0,4,1,2
19,mixed,hive,15,0,4,2,1
19,mixed,hive,15,1,4,0,5
19,mixed,hive,15,1,4,1,2
19,mixed,hive,15,1,4,2,1
19,mixed,hive,16,0,6,0,3
19,mixed,hive,16,0,6,1,4
19,mixed,hive,16,0,6,2,1
19,mixed,hive,16,1,6,0,3
19,mixed,hive,16,1,6,1,4
19,mixed,hive,16,1,6,2,1
19,mixed,hive,17,0,14,0,20
19,mixed,hive,17,0,14,1,11
19,mixed,hive,17,0,14,3,1
19,mixed,hive,17,1,14,0,20
19,mixed,hive,17,1,14,1,11
19,mixed,hive,17,1,14,3,1
19,mixed,hive,17,3,3,0,6
19,mixed,hive,17,3,3,1,1
19,mixed,hive,17,3,3,2,1
19,mixed,hive,18,0,26,0,47
19,mixed,hive,18,0,26,1,11
19,mixed,hive,18,0,26,2,4
19,mixed,hive,18,0,26,3,1
19,mixed,hive,18,0,26,4,1
19,mixed,hive,18,1,26,0,47
19,mixed,hive,18,1,26,1,11
19,mixed,hive,18,1,26,2,4
19,mixed,hive,18,1,26,3,1
19,mixed,hive,18,1,26,4,1
19,mixed,hive,18,3,6,0,4
19,mixed,hive,18,3,6,1,3
19,mixed,hive,18,3,6,3,1
19,mixed,hive,19,0,42,0,33
19,mixed,hive,19,0,42,1,22
19,mixed,hive,19,0,42,2,7
19,mixed,hive,19,0,42,3,2
19,mixed,hive,19,1,42,0,33
19,mixed,hive,19,1,42,1,22
19,mixed,hive,19,1,42,2,7
19,mixed,hive,19,1,42,3,2
19,mixed,hive,19,3,12,0,7
19,mixed,hive,19,3,12,1,7
19,mixed,hive,19,3,12,2,1
19,mixed,hive,19,3,12,3,1
19,mixed,hive,19,4,2,0,6
19,mixed,hive,19,4,2,1,2
19,mixed,hive,20,0,63,0,80
19,mixed,hive,20,0,63,1,34
19,mixed,hive,20,0,63,2,13
19,mixed,hive,20,0,63,3,1
19,mixed,hive,20,1,63,0,80
19,mixed,hive,20,1,63,1,34
19,mixed,hive,20,1,63,2,13
19,mixed,hive,20,1,63,3,1
19,mixed,hive,20,3,38,0,39
19,mixed,hive,20,3,38,1,15
19,mixed,hive,20,3,38,2,7
19,mixed,hive,20,3,38,3,3
19,mixed,hive,20,4,8,0,9
19,mixed,hive,20,4,8,1,6
19,mixed,hive,20,4,8,2,1
20,default,hive,1,0,1,0,7
20,default,hive,1,0,1,1,1
20,default,hive,1,1,1,0,7
20,default,hive,1,1,1,1,1
20,default,hive,2,0,1,0,7
20,default,hive,2,0,1,1,1
20,default,hive,2,1,1,0,7
20,default,hive,2,1,1,1,1
20,default,hive,3,0,1,0,7
20,default,hive,3,0,1,1,1
20,default,hive,3,1,1,0,7
20,default,hive,3,1,1,1,1
20,default,hive,4,0,1,0,7
20,default,hive,4,0,1,1,1
20,default,hive,4,1,1,0,7
20,default,hive,4,1,1,1,1
20,default,hive,5,0,1,0,7
20,default,hive,5,0,1,1,1
20,default,hive,5,1,1,0,7
20,default,hive,5,1,1,1,1
20,default,hive,6,0,1,0,7
20,default,hive,6,0,1,1,1
20,default,hive,6,1,1,0,7
20,default,hive,6,1,1,1,1
20,default,hive,7,0,1,0,7
20,default,hive,7,0,1,1,1
20,default,hive,7,1,1,0,7
20,default,hive,7,1,1,1,1
20,default,hive,8,0,1,0,7
20,default,hive,8,0,1,1,1
20,default,hive,8,1,1,0,7
20,default,hive,8,1,1,1,1
20,default,hive,9,0,1,0,7
20,default,hive,9,0,1,1,1
20,default,hive,9,1,1,0,7
20,default,hive,9,1,1,1,1
20,default,hive,10,0,2,0,7
20,default,hive,10,0,2,2,1
20,default,hive,10,1,2,0,7
20,default,hive,10,1,2,2,1
20,default,hive,11,0,2,0,7
20,default,hive,11,0,2,2,1
20,default,hive,11,1,2,0,7
20,default,hive,11,1,2,2,1
20,default,hive,12,0,2,0,7
20,default,hive,12,0,2,2,1
20,default,hive,12,1,2,0,7
20,default,hive,12,1,2,2,1
20,default,hive,13,0,3,0,7
20,default,hive,13,0,3,3,1
20,default,hive,13,1,3,0,7
20,default,hive,13,1,3,3,1
20,default,hive,14,0,4,0,7
20,default,hive,14,0,4,4,1
20,default,hive,14,1,4,0,7
20,default,hive,14,1,4,4,1
20,default,hive,15,0,4,0,7
20,default,hive,15,0,4,4,1
20,default,hive,15,1,4,0,7
20,default,hive,15,1,4,4,1
20,default,hive,16,0,6,0,7
20,default,hive,16,0,6,6,1
20,default,hive,16,1,6,0,7
20,default,hive,16,1,6,6,1
20,default,hive,17,0,34,0,63
20,default,hive,17,0,34,34,1
20,default,hive,17,1,68,0,127
20,default,hive,17,1,68,68,1
20,default,hive,17,2,34,0,63
20,default,hive,17,2,34,34,1
20,default,hive,17,3,68,0,127
20,default,hive,17,3,68,68,1
20,default,hive,17,4,68,0,127
20,default,hive,17,4,68,68,1
20,default,hive,17,5,68,0,127
20,default,hive,17,5,68,68,1
20,default,hive,17,6,68,0,127
20,default,hive,17,6,68,68,1
20,default,hive,17,7,67,0,127
20,default,hive,17,7,67,67,1
20,default,hive,18,0,44,0,63
20,default,hive,18,0,44,44,1
20,default,hive,18,1,68,0,127
20,default,hive,18,1,68,68,1
20,default,hive,18,2,44,0,63
20,default,hive,18,2,44,44,1
20,default,hive,18,3,68,0,127
20,default,hive,18,3,68,68,1
20,default,hive,18,4,68,0,127
20,default,hive,18,4,68,68,1
20,default,hive,18,5,68,0,127
20,default,hive,18,5,68,68,1
20,default,hive,18,6,68,0,127
20,default,hive,18,6,68,68,1
20,default,hive,18,7,67,0,127
20,default,hive,18,7,67,67,1
20,default,hive,19,0,44,0,63
20,default,hive,19,0,44,44,1
20,default,hive,19,1,68,0,127
20,default,hive,19,1,68,68,1
20,default,hive,19,2,44,0,63
20,default,hive,19,2,44,44,1
20,default,hive,19,3,68,0,127
20,default,hive,19,3,68,68,1
20,default,hive,19,4,68,0,127
20,default,hive,19,4,68,68,1
20,default,hive,19,5,68,0,127
20,default,hive,19,5,68,68,1
20,default,hive,19,6,68,0,127
20,default,hive,19,6,68,68,1
20,default,hive,19,7,67,0,127
20,default,hive,19,7,67,67,1
20,default,hive,20,0,57,0,127
20,default,hive,20,0,57,57,1
20,default,hive,20,1,68,0,127
20,default,hive,20,1,68,68,1
20,default,hive,20,2,57,0,127
20,default,hive,20,2,57,57,1
20,default,hive,20,3,68,0,127
20,default,hive,20,3,68,68,1
20,default,hive,20,4,68,0,127
20,default,hive,20,4,68,68,1
20,default,hive,20,5,68,0,127
20,default,hive,20,5,68,68,1
20,default,hive,20,6,68,0,127
20,default,hive,20,6,68,68,1
20,default,hive,20,7,67,0,127
20,default,hive,20,7,67,67,1
20,mixed,hive,1,0,1,0,7
20,mixed,hive,1,0,1,1,1
20,mixed,hive,1,1,1,0,7
20,mixed,hive,1,1,1,1,1
20,mixed,hive,2,0,1,0,7
20,mixed,hive,2,0,1,1,1
20,mixed,hive,2,1,1,0,7
20,mixed,hive,2,1,1,1,1
20,mixed,hive,3,0,1,0,7
20,mixed,hive,3,0,1,1,1
20,mixed,hive,3,1,1,0,7
20,mixed,hive,3,1,1,1,1
20,mixed,hive,4,0,1,0,7
20,mixed,hive,4,0,1,1,1
20,mixed,hive,4,1,1,0,7
20,mixed,hive,4,1,1,1,1
20,mixed,hive,5,0,1,0,7
20,mixed,hive,5,0,1,1,1
20,mixed,hive,5,1,1,0,7
20,mixed,hive,5,1,1,1,1
20,mixed,hive,6,0,1,0,7
20,mixed,hive,6,0,1,1,1
20,mixed,hive,6,1,1,0,7
20,mixed,hive,6,1,1,1,1
20,mixed,hive,7,0,1,0,7
20,mixed,hive,7,0,1,1,1
20,mixed,hive,7,1,1,0,7
20,mixed,hive,7,1,1,1,1
20,mixed,hive,8,0,1,0,7
20,mixed,hive,8,0,1,1,1
20,mixed,hive,8,1,1,0,7
20,mixed,hive,8,1,1,1,1
20,mixed,hive,9,0,1,0,7
20,mixed,hive,9,0,1,1,1
20,mixed,hive,9,1,1,0,7
20,mixed,hive,9,1,1,1,1
20,mixed,hive,10,0,2,0,7
20,mixed,hive,10,0,2,2,1
20,mixed,hive,10,1,2,0,7
20,mixed,hive,10,1,2,2,1
20,mixed,hive,11,0,2,0,6
20,mixed,hive,11,0,2,1,2
20,mixed,hive,11,1,2,0,6
20,mixed,hive,11,1,2,1,2
20,mixed,hive,12,0,2,0,6
20,mixed,hive,12,0,2,1,2
20,mixed,hive,12,1,2,0,6
20,mixed,hive,12,1,2,1,2
20,mixed,hive,13,0,3,0,5
20,mixed,hive,13,0,3,1,3
20,mixed,hive,13,1,3,0,5
20,mixed,hive,13,1,3,1,3
20,mixed,hive,14,0,4,0,4
20,mixed,hive,14,0,4,1,4
20,mixed,hive,14,1,4,0,4
20,mixed,hive,14,1,4,1,4
20,mixed,hive,15,0,4,0,5
20,mixed,hive,15,0,4,1,2
20,mixed,hive,15,0,4,2,1
20,mixed,hive,15,1,4,0,5
20,mixed,hive,15,1,4,1,2
20,mixed,hive,15,1,4,2,1
20,mixed,hive,16,0,6,0,3
20,mixed,hive,16,0,6,1,4
20,mixed,hive,16,0,6,2,1
20,mixed,hive,16,1,6,0,3
20,mixed,hive,16,1,6,1,4
20,mixed,hive,16,1,6,2,1
20,mixed,hive,17,0,14,0,20
20,mixed,hive,17,0,14,1,11
20,mixed,hive,17,0,14,3,1
20,mixed,hive,17,1,14,0,20
20,mixed,hive,17,1,14,1,11
20,mixed,hive,17,1,14,3,1
20,mixed,hive,17,3,3,0,6
20,mixed,hive,17,3,3,1,1
20,mixed,hive,17,3,3,2,1
20,mixed,hive,18,0,26,0,47
20,mixed,hive,18,0,26,1,11
20,mixed,hive,18,0,26,2,4
20,mixed,hive,18,0,26,3,1
20,mixed,hive,18,0,26,4,1
20,mixed,hive,18,1,26,0,47
20,mixed,hive,18,1,26,1,11
20,mixed,hive,18,1,26,2,4
20,mixed,hive,18,1,26,3,1
20,mixed,hive,18,1,26,4,1
20,mixed,hive,18,3,6,0,4
20,mixed,hive,18,3,6,1,3
20,mixed,hive,18,3,6,3,1
20,mixed,hive,19,0,42,0,33
20,mixed,hive,19,0,42,1,22
20,mixed,hive,19,0,42,2,7
20,mixed,hive,19,0,42,3,2
20,mixed,hive,19,1,42,0,33
20,mixed,hive,19,1,42,1,22
20,mixed,hive,19,1,42,2,7
20,mixed,hive,19,1,42,3,2
20,mixed,hive,19,3,12,0,7
20,mixed,hive,19,3,12,1,7
20,mixed,hive,19,3,12,2,1
20,mixed,hive,19,3,12,3,1
20,mixed,hive,19,4,2,0,6
20,mixed,hive,19,4,2,1,2
20,mixed,hive,20,0,63,0,80
20,mixed,hive,20,0,63,1,34
20,mixed,hive,20,0,63,2,13
20,mixed,hive,20,0,63,3,1
20,mixed,hive,20,1,63,0,80
20,mixed,hive,20,1,63,1,34
20,mixed,hive,20,1,63,2,13
20,mixed,hive,20,1,63,3,1
20,mixed,hive,20,3,38,0,39
20,mixed,hive,20,3,38,1,15
20,mixed,hive,20,3,38,2,7
20,mixed,hive,20,3,38,3,3
20,mixed,hive,20,4,8,0,9
20,mixed,hive,20,4,8,1,6
20,mixed,hive,20,4,8,2,1
21,default,hive,1,0,1,0,7
21,default,hive,1,0,1,1,1
21,default,hive,1,1,1,0,7
21,default,hive,1,1,1,1,1
21,default,hive,2,0,1,0,7
21,default,hive,2,0,1,1,1
21,default,hive,2,1,1,0,7
21,default,hive,2,1,1,1,1
21,default,hive,3,0,1,0,7
21,default,hive,3,0,1,1,1
21,default,hive,3,1,1,0,7
21,default,hive,3,1,1,1,1
21,default,hive,4,0,1,0,7
21,default,hive,4,0,1,1,1
21,default,hive,4,1,1,0,7
21,default,hive,4,1,1,1,1
21,default,hive,5,0,1,0,7
21,default,hive,5,0,1,1,1
21,default,hive,5,1,1,0,7
21,default,hive,5,1,1,1,1
21,default,hive,6,0,1,0,7
21,default,hive,6,0,1,1,1
21,default,hive,6,1,1,0,7
21,default,hive,6,1,1,1,1
21,default,hive,7,0,1,0,7
21,default,hive,7,0,1,1,1
21,default,hive,7,1,1,0,7
21,default,hive,7,1,1,1,1
21,default,hive,8,0,1,0,7
21,default,hive,8,0,1,1,1
21,default,hive,8,1,1,0,7
21,default,hive,8,1,1,1,1
21,default,hive,9,0,1,0,7
21,default,hive,9,0,1,1,1
21,default,hive,9,1,1,0,7
21,default,hive,9,1,1,1,1
21,default,hive,10,0,2,0,7
21,default,hive,10,0,2,2,1
21,default,hive,10,1,2,0,7
21,default,hive,10,1,2,2,1
21,default,hive,11,0,2,0,7
21,default,hive,11,0,2,2,1
21,default,hive,11,1,2,0,7
21,default,hive,11,1,2,2,1
21,default,hive,12,0,2,0,7
21,default,hive,12,0,2,2,1
21,default,hive,12,1,2,0,7
21,default,hive,12,1,2,2,1
21,default,hive,13,0,3,0,7
21,default,hive,13,0,3,3,1
21,default,hive,13,1,3,0,7
21,default,hive,13,1,3,3,1
21,default,hive,14,0,4,0,7
21,default,hive,14,0,4,4,1
21,default,hive,14,1,4,0,7
21,default,hive,14,1,4,4,1
21,default,hive,15,0,4,0,7
21,default,hive,15,0,4,4,1
21,default,hive,15,1,4,0,7
21,default,hive,15,1,4,4,1
21,default,hive,16,0,6,0,7
21,default,hive,16,0,6,6,1
21,default,hive,16,1,6,0,7
21,default,hive,16,1,6,6,1
21,default,hive,17,0,34,0,63
21,default,hive,17,0,34,34,1
21,default,hive,17,1,68,0,127
21,default,hive,17,1,68,68,1
21,default,hive,17,2,34,0,63
21,default,hive,17,2,34,34,1
21,default,hive,17,3,68,0,127
21,default,hive,17,3,68,68,1
21,default,hive,17,4,68,0,127
21,default,hive,17,4,68,68,1
21,default,hive,17,5,68,0,127
21,default,hive,17,5,68,68,1
21,default,hive,17,6,68,0,127
21,default,hive,17,6,68,68,1
21,default,hive,17,7,67,0,127
21,default,hive,17,7,67,67,1
21,default,hive,18,0,44,0,63
21,default,hive,18,0,44,44,1
21,default,hive,18,1,68,0,127
21,default,hive,18,1,68,68,1
21,default,hive,18,2,44,0,63
21,default,hive,18,2,44,44,1
21,default,hive,18,3,68,0,127
21,default,hive,18,3,68,68,1
21,default,hive,18,4,68,0,127
21,default,hive,18,4,68,68,1
21,default,hive,18,5,68,0,127
21,default,hive,18,5,68,68,1
21,default,hive,18,6,68,0,127
21,default,hive,18,6,68,68,1
21,default,hive,18,7,67,0,127
21,default,hive,18,7,67,67,1
21,default,hive,19,0,44,0,63
21,default,hive,19,0,44,44,1
21,default,hive,19,1,68,0,127
21,default,hive,19,1,68,68,1
21,default,hive,19,2,44,0,63
21,default,hive,19,2,44,44,1
21,default,hive,19,3,68,0,127
21,default,hive,19,3,68,68,1
21,default,hive,19,4,68,0,127
21,default,hive,19,4,68,68,1
21,default,hive,19,5,68,0,127
21,default,hive,19,5,68,68,1
21,default,hive,19,6,68,0,127
21,default,hive,19,6,68,68,1
21,default,hive,19,7,67,0,127
21,default,hive,19,7,67,67,1
21,default,hive,20,0,57,0,127
21,default,hive,20,0,57,57,1
21,default,hive,20,1,68,0,127
21,default,hive,20,1,68,68,1
21,default,hive,20,2,57,0,127
21,default,hive,20,2,57,57,1
21,default,hive,20,3,68,0,127
21,default,hive,20,3,68,68,1
21,default,hive,20,4,68,0,127
21,default,hive,20,4,68,68,1
21,default,hive,20,5,68,0,127
21,default,hive,20,5,68,68,1
21,default,hive,20,6,68,0,127
21,default,hive,20,6,68,68,1
21,default,hive,20,7,67,0,127
21,default,hive,20,7,67,67,1
21,mixed,hive,1,0,1,0,7
21,mixed,hive,1,0,1,1,1
21,mixed,hive,1,1,1,0,7
21,mixed,hive,1,1,1,1,1
21,mixed,hive,2,0,1,0,7
21,mixed,hive,2,0,1,1,1
21,mixed,hive,2,1,1,0,7
21,mixed,hive,2,1,1,1,1
21,mixed,hive,3,0,1,0,7
21,mixed,hive,3,0,1,1,1
21,mixed,hive,3,1,1,0,7
21,mixed,hive,3,1,1,1,1
21,mixed,hive,4,0,1,0,7
21,mixed,hive,4,0,1,1,1
21,mixed,hive,4,1,1,0,7
21,mixed,hive,4,1,1,1,1
21,mixed,hive,5,0,1,0,7
21,mixed,hive,5,0,1,1,1
21,mixed,hive,5,1,1,0,7
21,mixed,hive,5,1,1,1,1
21,mixed,hive,6,0,1,0,7
21,mixed,hive,6,0,1,1,1
21,mixed,hive,6,1,1,0,7
21,mixed,hive,6,1,1,1,1
21,mixed,hive,7,0,1,0,7
21,mixed,hive,7,0,1,1,1
21,mixed,hive,7,1,1,0,7
21,mixed,hive,7,1,1,1,1
21,mixed,hive,8,0,1,0,7
21,mixed,hive,8,0,1,1,1
21,mixed,hive,8,1,1,0,7
21,mixed,hive,8,1,1,1,1
21,mixed,hive,9,0,1,0,7
21,mixed,hive,9,0,1,1,1
21,mixed,hive,9,1,1,0,7
21,mixed,hive,9,1,1,1,1
21,mixed,hive,10,0,2,0,7
21,mixed,hive,10,0,2,2,1
21,mixed,hive,10,1,2,0,7
21,mixed,hive,10,1,2,2,1
21,mixed,hive,11,0,2,0,6
21,mixed,hive,11,0,2,1,2
21,mixed,hive,11,1,2,0,6
21,mixed,hive,11,1,2,1,2
21,mixed,hive,12,0,2,0,6
21,mixed,hive,12,0,2,1,2
21,mixed,hive,12,1,2,0,6
21,mixed,hive,12,1,2,1,2
21,mixed,hive,13,0,3,0,5
21,mixed,hive,13,0,3,1,3
21,mixed,hive,13,1,3,0,5
21,mixed,hive,13,1,3,1,3
21,mixed,hive,14,0,4,0,4
21,mixed,hive,14,0,4,1,4
21,mixed,hive,14,1,4,0,4
21,mixed,hive,14,1,4,1,4
21,mixed,hive,15,0,4,0,5
21,mixed,hive,15,0,4,1,2
21,mixed,hive,15,0,4,2,1
21,mixed,hive,15,1,4,0,5
21,mixed,hive,15,1,4,1,2
21,mixed,hive,15,1,4,2,1
21,mixed,hive,16,0,6,0,3
21,mixed,hive,16,0,6,1,4
21,mixed,hive,16,0,6,2,1
21,mixed,hive,16,1,6,0,3
21,mixed,hive,16,1,6,1,4
21,mixed,hive,16,1,6,2,1
21,mixed,hive,17,0,14,0,20
21,mixed,hive,17,0,14,1,11
21,mixed,hive,17,0,14,3,1
21,mixed,hive,17,1,14,0,20
21,mixed,hive,17,1,14,1,11
21,mixed,hive,17,1,14,3,1
21,mixed,hive,17,3,3,0,6
21,mixed,hive,17,3,3,1,1
21,mixed,hive,17,3,3,2,1
21,mixed,hive,18,0,26,0,47
21,mixed,hive,18,0,26,1,11
21,mixed,hive,18,0,26,2,4
21,mixed,hive,18,0,26,3,1
21,mixed,hive,18,0,26,4,1
21,mixed,hive,18,1,26,0,47
21,mixed,hive,18,1,26,1,11
21,mixed,hive,18,1,26,2,4
21,mixed,hive,18,1,26,3,1
21,mixed,hive,18,1,26,4,1
21,mixed,hive,18,3,6,0,4
21,mixed,hive,18,3,6,1,3
21,mixed,hive,18,3,6,3,1
21,mixed,hive,19,0,42,0,33
21,mixed,hive,19,0,42,1,22
21,mixed,hive,19,0,42,2,7
21,mixed,hive,19,0,42,3,2
21,mixed,hive,19,1,42,0,33
21,mixed,hive,19,1,42,1,22
21,mixed,hive,19,1,42,2,7
21,mixed,hive,19,1,42,3,2
21,mixed,hive,19,3,12,0,7
21,mixed,hive,19,3,12,1,7
21,mixed,hive,19,3,12,2,1
21,mixed,hive,19,3,12,3,1
21,mixed,hive,19,4,2,0,6
21,mixed,hive,19,4,2,1,2
21,mixed,hive,20,0,63,0,80
21,mixed,hive,20,0,63,1,34
21,mixed,hive,20,0,63,2,13
21,mixed,hive,20,0,63,3,1
21,mixed,hive,20,1,63,0,80
21,mixed,hive,20,1,63,1,34
21,mixed,hive,20,1,63,2,13
21,mixed,hive,20,1,63,3,1
21,mixed,hive,20,3,38,0,39
21,mixed,hive,20,3,38,1,15
21,mixed,hive,20,3,38,2,7
21,mixed,hive,20,3,38,3,3
21,mixed,hive,20,4,8,0,9
21,mixed,hive,20,4,8,1,6
21,mixed,hive,20,4,8,2,1
22,default,hive,1,0,1,0,7
22,default,hive,1,0,1,1,1
22,default,hive,1,1,1,0,7
22,default,hive,1,1,1,1,1
22,default,hive,2,0,1,0,7
22,default,hive,2,0,1,1,1
22,default,hive,2,1,1,0,7
22,default,hive,2,1,1,1,1
22,default,hive,3,0,1,0,7
22,default,hive,3,0,1,1,1
22,default,hive,3,1,1,0,7
22,default,hive,3,1,1,1,1
22,default,hive,4,0,1,0,7
22,default,hive,4,0,1,1,1
22,default,hive,4,1,1,0,7
22,default,hive,4,1,1,1,1
22,default,hive,5,0,1,0,7
22,default,hive,5,0,1,1,1
22,default,hive,5,1,1,0,7
22,default,hive,5,1,1,1,1
22,default,hive,6,0,1,0,7
22,default,hive,6,0,1,1,1
22,default,hive,6,1,1,0,7
22,default,hive,6,1,1,1,1
22,default,hive,7,0,1,0,7
22,default,hive,7,0,1,1,1
22,default,hive,7,1,1,0,7
22,default,hive,7,1,1,1,1
22,default,hive,8,0,1,0,7
22,default,hive,8,0,1,1,1
22,default,hive,8,1,1,0,7
22,default,hive,8,1,1,1,1
22,default,hive,9,0,1,0,7
22,default,hive,9,0,1,1,1
22,default,hive,9,1,1,0,7
22,default,hive,9,1,1,1,1
22,default,hive,10,0,2,0,7
22,default,hive,10,0,2,2,1
22,default,hive,10,1,2,0,7
22,default,hive,10,1,2,2,1
22,default,hive,11,0,2,0,7
22,default,hive,11,0,2,2,1
22,default,hive,11,1,2,0,7
22,default,hive,11,1,2,2,1
22,default,hive,12,0,2,0,7
22,default,hive,12,0,2,2,1
22,default,hive,12,1,2,0,7
22,default,hive,12,1,2,2,1
22,default,hive,13,0,3,0,7
22,default,hive,13,0,3,3,1
22,default,hive,13,1,3,0,7
22,default,hive,13,1,3,3,1
22,default,hive,14,0,4,0,7
22,default,hive,14,0,4,4,1
22,default,hive,14,1,4,0,7
22,default,hive,14,1,4,4,1
22,default,hive,15,0,4,0,7
22,default,hive,15,0,4,4,1
22,default,hive,15,1,4,0,7
22,default,hive,15,1,4,4,1
22,default,hive,16,0,6,0,7
22,default,hive,16,0,6,6,1
22,default,hive,16,1,6,0,7
22,default,hive,16,1,6,6,1
22,default,hive,17,0,34,0,63
22,default,hive,17,0,34,34,1
22,default,hive,17,1,68,0,127
22,default,hive,17,1,68,68,1
22,default,hive,17,2,34,0,63
22,default,hive,17,2,34,34,1
22,default,hive,17,3,68,0,127
22,default,hive,17,3,68,68,1
22,default,hive,17,4,68,0,127
22,default,hive,17,4,68,68,1
22,default,hive,17,5,68,0,127
22,default,hive,17,5,68,68,1
22,default,hive,17,6,68,0,127
22,default,hive,17,6,68,68,1
22,default,hive,17,7,67,0,127
22,default,hive,17,7,67,67,1
22,default,hive,18,0,44,0,63
22,default,hive,18,0,44,44,1
22,default,hive,18,1,68,0,127
22,default,hive,18,1,68,68,1
22,default,hive,18,2,44,0,63
22,default,hive,18,2,44,44,1
22,default,hive,18,3,68,0,127
22,default,hive,18,3,68,68,1
22,default,hive,18,4,68,0,127
22,default,hive,18,4,68,68,1
22,default,hive,18,5,68,0,127
22,default,hive,18,5,68,68,1
22,default,hive,18,6,68,0,127
22,default,hive,18,6,68,68,1
22,default,hive,18,7,67,0,127
22,default,hive,18,7,67,67,1
22,default,hive,19,0,44,0,63
22,default,hive,19,0,44,44,1
22,default,hive,19,1,68,0,127
22,default,hive,19,1,68,68,1
22,default,hive,19,2,44,0,63
22,default,hive,19,2,44,44,1
22,default,hive,19,3,68,0,127
22,default,hive,19,3,68,68,1
22,default,hive,19,4,68,0,127
22,default,hive,19,4,68,68,1
22,default,hive,19,5,68,0,127
22,default,hive,19,5,68,68,1
22,default,hive,19,6,68,0,127
22,default,hive,19,6,68,68,1
22,default,hive,19,7,67,0,127
22,default,hive,19,7,67,67,1
22,default,hive,20,0,57,0,127
22,default,hive,20,0,57,57,1
22,default,hive,20,1,68,0,127
22,default,hive,20,1,68,68,1
22,default,hive,20,2,57,0,127
22,default,hive,20,2,57,57,1
22,default,hive,20,3,68,0,127
22,default,hive,20,3,68,68,1
22,default,hive,20,4,68,0,127
22,default,hive,20,4,68,68,1
22,default,hive,20,5,68,0,127
22,default,hive,20,5,68,68,1
22,default,hive,20,6,68,0,127
22,default,hive,20,6,68,68,1
22,default,hive,20,7,67,0,127
22,default,hive,20,7,67,67,1
22,mixed,hive,1,0,1,0,7
22,mixed,hive,1,0,1,1,1
22,mixed,hive,1,1,1,0,7
22,mixed,hive,1,1,1,1,1
22,mixed,hive,2,0,1,0,7
22,mixed,hive,2,0,1,1,1
22,mixed,hive,2,1,1,0,7
22,mixed,hive,2,1,1,1,1
22,mixed,hive,3,0,1,0,7
22,mixed,hive,3,0,1,1,1
22,mixed,hive,3,1,1,0,7
22,mixed,hive,3,1,1,1,1
22,mixed,hive,4,0,1,0,7
22,mixed,hive,4,0,1,1,1
22,mixed,hive,4,1,1,0,7
22,mixed,hive,4,1,1,1,1
22,mixed,hive,5,0,1,0,7
22,mixed,hive,5,0,1,1,1
22,mixed,hive,5,1,1,0,7
22,mixed,hive,5,1,1,1,1
22,mixed,hive,6,0,1,0,7
22,mixed,hive,6,0,1,1,1
22,mixed,hive,6,1,1,0,7
22,mixed,hive,6,1,1,1,1
22,mixed,hive,7,0,1,0,7
22,mixed,hive,7,0,1,1,1
22,mixed,hive,7,1,1,0,7
22,mixed,hive,7,1,1,1,1
22,mixed,hive,8,0,1,0,7
22,mixed,hive,8,0,1,1,1
22,mixed,hive,8,1,1,0,7
22,mixed,hive,8,1,1,1,1
22,mixed,hive,9,0,1,0,7
22,mixed,hive,9,0,1,1,1
22,mixed,hive,9,1,1,0,7
22,mixed,hive,9,1,1,1,1
22,mixed,hive,10,0,2,0,7
22,mixed,hive,10,0,2,2,1
22,mixed,hive,10,1,2,0,7
22,mixed,hive,10,1,2,2,1
22,mixed,hive,11,0,2,0,6
22,mixed,hive,11,0,2,1,2
22,mixed,hive,11,1,2,0,6
22,mixed,hive,11,1,2,1,2
22,mixed,hive,12,0,2,0,6
22,mixed,hive,12,0,2,1,2
22,mixed,hive,12,1,2,0,6
22,mixed,hive,12,1,2,1,2
22,mixed,hive,13,0,3,0,5
22,mixed,hive,13,0,3,1,3
22,mixed,hive,13,1,3,0,5
22,mixed,hive,13,1,3,1,3
22,mixed,hive,14,0,4,0,4
22,mixed,hive,14,0,4,1,4
22,mixed,hive,14,1,4,0,4
22,mixed,hive,14,1,4,1,4
22,mixed,hive,15,0,4,0,5
22,mixed,hive,15,0,4,1,2
22,mixed,hive,15,0,4,2,1
22,mixed,hive,15,1,4,0,5
22,mixed,hive,15,1,4,1,2
22,mixed,hive,15,1,4,2,1
22,mixed,hive,16,0,6,0,3
22,mixed,hive,16,0,6,1,4
22,mixed,hive,16,0,6,2,1
22,mixed,hive,16,1,6,0,3
22,mixed,hive,16,1,6,1,4
22,mixed,hive,16,1,6,2,1
22,mixed,hive,17,0,14,0,20
22,mixed,hive,17,0,14,1,11
22,mixed,hive,17,0,14,3,1
22,mixed,hive,17,1,14,0,20
22,mixed,hive,17,1,14,1,11
22,mixed,hive,17,1,14,3,1
22,mixed,hive,17,3,3,0,6
22,mixed,hive,17,3,3,1,1
22,mixed,hive,17,3,3,2,1
22,mixed,hive,18,0,26,0,47
22,mixed,hive,18,0,26,1,11
22,mixed,hive,18,0,26,2,4
22,mixed,hive,18,0,26,3,1
22,mixed,hive,18,0,26,4,1
22,mixed,hive,18,1,26,0,47
22,mixed,hive,18,1,26,1,11
22,mixed,hive,18,1,26,2,4
22,mixed,hive,18,1,26,3,1
22,mixed,hive,18,1,26,4,1
22,mixed,hive,18,3,6,0,4
22,mixed,hive,18,3,6,1,3
22,mixed,hive,18,3,6,3,1
22,mixed,hive,19,0,42,0,33
22,mixed,hive,19,0,42,1,22
22,mixed,hive,19,0,42,2,7
22,mixed,hive,19,0,42,3,2
22,mixed,hive,19,1,42,0,33
22,mixed,hive,19,1,42,1,22
22,mixed,hive,19,1,42,2,7
22,mixed,hive,19,1,42,3,2
22,mixed,hive,19,3,12,0,7
22,mixed,hive,19,3,12,1,7
22,mixed,hive,19,3,12,2,1
22,mixed,hive,19,3,12,3,1
22,mixed,hive,19,4,2,0,6
22,mixed,hive,19,4,2,1,2
22,mixed,hive,20,0,63,0,80
22,mixed,hive,20,0,63,1,34
22,mixed,hive,20,0,63,2,13
22,mixed,hive,20,0,63,3,1
22,mixed,hive,20,1,63,0,80
22,mixed,hive,20,1,63,1,34
22,mixed,hive,20,1,63,2,13
22,mixed,hive,20,1,63,3,1
22,mixed,hive,20,3,38,0,39
22,mixed,hive,20,3,38,1,15
22,mixed,hive,20,3,38,2,7
22,mixed,hive,20,3,38,3,3
22,mixed,hive,20,4,8,0,9
22,mixed,hive,20,4,8,1,6
22,mixed,hive,20,4,8,2,1
23,default,hive,1,0,1,0,7
23,default,hive,1,0,1,1,1
23,default,hive,1,1,1,0,7
23,default,hive,1,1,1,1,1
23,default,hive,2,0,1,0,7
23,default,hive,2,0,1,1,1
23,default,hive,2,1,1,0,7
23,default,hive,2,1,1,1,1
23,default,hive,3,0,1,0,7
23,default,hive,3,0,1,1,1
23,default,hive,3,1,1,0,7
23,default,hive,3,1,1,1,1
23,default,hive,4,0,1,0,7
23,default,hive,4,0,1,1,1
23,default,hive,4,1,1,0,7
23,default,hive,4,1,1,1,1
23,default,hive,5,0,1,0,7
23,default,hive,5,0,1,1,1
23,default,hive,5,1,1,0,7
23,default,hive,5,1,1,1,1
23,default,hive,6,0,1,0,7
23,default,hive,6,0,1,1,1
23,default,hive,6,1,1,0,7
23,default,hive,6,1,1,1,1
23,default,hive,7,0,1,0,7
23,default,hive,7,0,1,1,1
23,default,hive,7,1,1,0,7
23,default,hive,7,1,1,1,1
23,default,hive,8,0,1,0,7
23,default,hive,8,0,1,1,1
23,default,hive,8,1,1,0,7
23,default,hive,8,1,1,1,1
23,default,hive,9,0,1,0,7
23,default,hive,9,0,1,1,1
23,default,hive,9,1,1,0,7
23,default,hive,9,1,1,1,1
23,default,hive,10,0,2,0,7
23,default,hive,10,0,2,2,1
23,default,hive,10,1,2,0,7
23,default,hive,10,1,2,2,1
23,default,hive,11,0,2,0,7
23,default,hive,11,0,2,2,1
23,default,hive,11,1,2,0,7
23,default,hive,11,1,2,2,1
23,default,hive,12,0,2,0,7
23,default,hive,12,0,2,2,1
23,default,hive,12,1,2,0,7
23,default,hive,12,1,2,2,1
23,default,hive,13,0,3,0,7
23,default,hive,13,0,3,3,1
23,default,hive,13,1,3,0,7
23,default,hive,13,1,3,3,1
23,default,hive,14,0,4,0,7
23,default,hive,14,0,4,4,1
23,default,hive,14,1,4,0,7
23,default,hive,14,1,4,4,1
23,default,hive,15,0,4,0,7
23,default,hive,15,0,4,4,1
23,default,hive,15,1,4,0,7
23,default,hive,15,1,4,4,1
23,default,hive,16,0,6,0,7
23,default,hive,16,0,6,6,1
23,default,hive,16,1,6,0,7
23,default,hive,16,1,6,6,1
23,default,hive,17,0,34,0,63
23,default,hive,17,0,34,34,1
23,default,hive,17,1,68,0,127
23,default,hive,17,1,68,68,1
23,default,hive,17,2,34,0,63
23,default,hive,17,2,34,34,1
23,default,hive,17,3,68,0,127
23,default,hive,17,3,68,68,1
23,default,hive,17,4,68,0,127
23,default,hive,17,4,68,68,1
23,default,hive,17,5,68,0,127
23,default,hive,17,5,68,68,1
23,default,hive,17,6,68,0,127
23,default,hive,17,6,68,68,1
23,default,hive,17,7,67,0,127
23,default,hive,17,7,67,67,1
23,default,hive,18,0,44,0,63
23,default,hive,18,0,44,44,1
23,default,hive,18,1,68,0,127
23,default,hive,18,1,68,68,1
23,default,hive,18,2,44,0,63
23,default,hive,18,2,44,44,1
23,default,hive,18,3,68,0,127
23,default,hive,18,3,68,68,1
23,default,hive,18,4,68,0,127
23,default,hive,18,4,68,68,1
23,default,hive,18,5,68,0,127
23,default,hive,18,5,68,68,1
23,default,hive,18,6,68,0,127
23,default,hive,18,6,68,68,1
23,default,hive,18,7,67,0,127
23,default,hive,18,7,67,67,1
23,default,hive,19,0,44,0,63
23,default,hive,19,0,44,44,1
23,default,hive,19,1,68,0,127
23,default,hive,19,1,68,68,1
23,default,hive,19,2,44,0,63
23,default,hive,19,2,44,44,1
23,default,hive,19,3,68,0,127
23,default,hive,19,3,68,68,1
23,default,hive,19,4,68,0,127
23,default,hive,19,4,68,68,1
23,default,hive,19,5,68,0,127
23,default,hive,19,5,68,68,1
23,default,hive,19,6,68,0,127
23,default,hive,19,6,68,68,1
23,default,hive,19,7,67,0,127
23,default,hive,19,7,67,67,1
23,default,hive,20,0,57,0,127
23,default,hive,20,0,57,57,1
23,default,hive,20,1,68,0,127
23,default,hive,20,1,68,68,1
23,default,hive,20,2,57,0,127
23,default,hive,20,2,57,57,1
23,default,hive,20,3,68,0,127
23,default,hive,20,3,68,68,1
23,default,hive,20,4,68,0,127
23,default,hive,20,4,68,68,1
23,default,hive,20,5,68,0,127
23,default,hive,20,5,68,68,1
23,default,hive,20,6,68,0,127
23,default,hive,20,6,68,68,1
23,default,hive,20,7,67,0,127
23,default,hive,20,7,67,67,1
23,mixed,hive,1,0,1,0,7
23,mixed,hive,1,0,1,1,1
23,mixed,hive,1,1,1,0,7
23,mixed,hive,1,1,1,1,1
23,mixed,hive,2,0,1,0,7
23,mixed,hive,2,0,1,1,1
23,mixed,hive,2,1,1,0,7
23,mixed,hive,2,1,1,1,1
23,mixed,hive,3,0,1,0,7
23,mixed,hive,3,0,1,1,1
23,mixed,hive,3,1,1,0,7
23,mixed,hive,3,1,1,1,1
23,mixed,hive,4,0,1,0,7
23,mixed,hive,4,0,1,1,1
23,mixed,hive,4,1,1,0,7
23,mixed,hive,4,1,1,1,1
23,mixed,hive,5,0,1,0,7
23,mixed,hive,5,0,1,1,1
23,mixed,hive,5,1,1,0,7
23,mixed,hive,5,1,1,1,1
23,mixed,hive,6,0,1,0,7
23,mixed,hive,6,0,1,1,1
23,mixed,hive,6,1,1,0,7
23,mixed,hive,6,1,1,1,1
23,mixed,hive,7,0,1,0,7
23,mixed,hive,7,0,1,1,1
23,mixed,hive,7,1,1,0,7
23,mixed,hive,7,1,1,1,1
23,mixed,hive,8,0,1,0,7
23,mixed,hive,8,0,1,1,1
23,mixed,hive,8,1,1,0,7
23,mixed,hive,8,1,1,1,1
23,mixed,hive,9,0,1,0,7
23,mixed,hive,9,0,1,1,1
23,mixed,hive,9,1,1,0,7
23,mixed,hive,9,1,1,1,1
23,mixed,hive,10,0,2,0,7
23,mixed,hive,10,0,2,2,1
23,mixed,hive,10,1,2,0,7
23,mixed,hive,10,1,2,2,1
23,mixed,hive,11,0,2,0,6
23,mixed,hive,11,0,2,1,2
23,mixed,hive,11,1,2,0,6
23,mixed,hive,11,1,2,1,2
23,mixed,hive,12,0,2,0,6
23,mixed,hive,12,0,2,1,2
23,mixed,hive,12,1,2,0,6
23,mixed,hive,12,1,2,1,2
23,mixed,hive,13,0,3,0,5
23,mixed,hive,13,0,3,1,3
23,mixed,hive,13,1,3,0,5
23,mixed,hive,13,1,3,1,3
23,mixed,hive,14,0,4,0,4
23,mixed,hive,14,0,4,1,4
23,mixed,hive,14,1,4,0,4
23,mixed,hive,14,1,4,1,4
23,mixed,hive,15,0,4,0,5
23,mixed,hive,15,0,4,1,2
23,mixed,hive,15,0,4,2,1
23,mixed,hive,15,1,4,0,5
23,mixed,hive,15,1,4,1,2
23,mixed,hive,15,1,4,2,1
23,mixed,hive,16,0,6,0,3
23,mixed,hive,16,0,6,1,4
23,mixed,hive,16,0,6,2,1
23,mixed,hive,16,1,6,0,3
23,mixed,hive,16,1,6,1,4
23,mixed,hive,16,1,6,2,1
23,mixed,hive,17,0,14,0,20
23,mixed,hive,17,0,14,1,11
23,mixed,hive,17,0,14,3,1
23,mixed,hive,17,1,14,0,20
23,mixed,hive,17,1,14,1,11
23,mixed,hive,17,1,14,3,1
23,mixed,hive,17,3,3,0,6
23,mixed,hive,17,3,3,1,1
23,mixed,hive,17,3,3,2,1
23,mixed,hive,18,0,26,0,47
23,mixed,hive,18,0,26,1,11
23,mixed,hive,18,0,26,2,4
23,mixed,hive,18,0,26,3,1
23,mixed,hive,18,0,26,4,1
23,mixed,hive,18,1,26,0,47
23,mixed,hive,18,1,26,1,11
23,mixed,hive,18,1,26,2,4
23,mixed,hive,18,1,26,3,1
23,mixed,hive,18,1,26,4,1
23,mixed,hive,18,3,6,0,4
23,mixed,hive,18,3,6,1,3
23,mixed,hive,18,3,6,3,1
23,mixed,hive,19,0,42,0,33
23,mixed,hive,19,0,42,1,22
23,mixed,hive,19,0,42,2,7
23,mixed,hive,19,0,42,3,2
23,mixed,hive,19,1,42,0,33
23,mixed,hive,19,1,42,1,22
23,mixed,hive,19,1,42,2,7
23,mixed,hive,19,1,42,3,2
23,mixed,hive,19,3,12,0,7
23,mixed,hive,19,3,12,1,7
23,mixed,hive,19,3,12,2,1
23,mixed,hive,19,3,12,3,1
23,mixed,hive,19,4,2,0,6
23,mixed,hive,19,4,2,1,2
23,mixed,hive,20,0,63,0,80
23,mixed,hive,20,0,63,1,34
23,mixed,hive,20,0,63,2,13
23,mixed,hive,20,0,63,3,1
23,mixed,hive,20,1,63,0,80
23,mixed,hive,20,1,63,1,34
23,mixed,hive,20,1,63,2,13
23,mixed,hive,20,1,63,3,1
23,mixed,hive,20,3,38,0,39
23,mixed,hive,20,3,38,1,15
23,mixed,hive,20,3,38,2,7
23,mixed,hive,20,3,38,3,3
23,mixed,hive,20,4,8,0,9
23,mixed,hive,20,4,8,1,6
23,mixed,hive,20,4,8,2,1
24,default,hive,1,0,1,0,7
24,default,hive,1,0,1,1,1
24,default,hive,1,1,1,0,7
24,default,hive,1,1,1,1,1
24,default,hive,2,0,1,0,7
24,default,hive,2,0,1,1,1
24,default,hive,2,1,1,0,7
24,default,hive,2,1,1,1,1
24,default,hive,3,0,1,0,7
24,default,hive,3,0,1,1,1
24,default,hive,3,1,1,0,7
24,default,hive,3,1,1,1,1
24,default,hive,4,0,1,0,7
24,default,hive,4,0,1,1,1
24,default,hive,4,1,1,0,7
24,default,hive,4,1,1,1,1
24,default,hive,5,0,1,0,7
24,default,hive,5,0,1,1,1
24,default,hive,5,1,1,0,7
24,default,hive,5,1,1,1,1
24,default,hive,6,0,1,0,7
24,default,hive,6,0,1,1,1
24,default,hive,6,1,1,0,7
24,default,hive,6,1,1,1,1
24,default,hive,7,0,1,0,7
24,default,hive,7,0,1,1,1
24,default,hive,7,1,1,0,7
24,default,hive,7,1,1,1,1
24,default,hive,8,0,1,0,7
24,default,hive,8,0,1,1,1
24,default,hive,8,1,1,0,7
24,default,hive,8,1,1,1,1
24,default,hive,9,0,1,0,7
24,default,hive,9,0,1,1,1
24,default,hive,9,1,1,0,7
24,default,hive,9,1,1,1,1
24,default,hive,10,0,2,0,7
24,default,hive,10,0,2,2,1
24,default,hive,10,1,2,0,7
24,default,hive,10,1,2,2,1
24,default,hive,11,0,2,0,7
24,default,hive,11,0,2,2,1
24,default,hive,11,1,2,0,7
24,default,hive,11,1,2,2,1
24,default,hive,12,0,2,0,7
24,default,hive,12,0,2,2,1
24,default,hive,12,1,2,0,7
24,default,hive,12,1,2,2,1
24,default,hive,13,0,3,0,7
24,default,hive,13,0,3,3,1
24,default,hive,13,1,3,0,7
24,default,hive,13,1,3,3,1
24,default,hive,14,0,4,0,7
24,default,hive,14,0,4,4,1
24,default,hive,14,1,4,0,7
24,default,hive,14,1,4,4,1
24,default,hive,15,0,4,0,7
24,default,hive,15,0,4,4,1
24,default,hive,15,1,4,0,7
24,default,hive,15,1,4,4,1
24,default,hive,16,0,6,0,7
24,default,hive,16,0,6,6,1
24,default,hive,16,1,6,0,7
24,default,hive,16,1,6,6,1
24,default,hive,17,0,34,0,63
24,default,hive,17,0,34,34,1
24,default,hive,17,1,68,0,127
24,default,hive,17,1,68,68,1
24,default,hive,17,2,34,0,63
24,default,hive,17,2,34,34,1
24,default,hive,17,3,68,0,127
24,default,hive,17,3,68,68,1
24,default,hive,17,4,68,0,127
24,default,hive,17,4,68,68,1
24,default,hive,17,5,68,0,127
24,default,hive,17,5,68,68,1
24,default,hive,17,6,68,0,127
24,default,hive,17,6,68,68,1
24,default,hive,17,7,67,0,127
24,default,hive,17,7,67,67,1
24,default,hive,18,0,44,0,63
24,default,hive,18,0,44,44,1
24,default,hive,18,1,68,0,127
24,default,hive,18,1,68,68,1
24,default,hive,18,2,44,0,63
24,default,hive,18,2,44,44,1
24,default,hive,18,3,68,0,127
24,default,hive,18,3,68,68,1
24,default,hive,18,4,68,0,127
24,default,hive,18,4,68,68,1
24,default,hive,18,5,68,0,127
24,default,hive,18,5,68,68,1
24,default,hive,18,6,68,0,127
24,default,hive,18,6,68,68,1
24,default,hive,18,7,67,0,127
24,default,hive,18,7,67,67,1
24,default,hive,19,0,44,0,63
24,default,hive,19,0,44,44,1
24,default,hive,19,1,68,0,127
24,default,hive,19,1,68,68,1
24,default,hive,19,2,44,0,63
24,default,hive,19,2,44,44,1
24,default,hive,19,3,68,0,127
24,default,hive,19,3,68,68,1
24,default,hive,19,4,68,0,127
24,default,hive,19,4,68,68,1
24,default,hive,19,5,68,0,127
24,default,hive,19,5,68,68,1
24,default,hive,19,6,68,0,127
24,default,hive,19,6,68,68,1
24,default,hive,19,7,67,0,127
24,default,hive,19,7,67,67,1
24,default,hive,20,0,57,0,127
24,default,hive,20,0,57,57,1
24,default,hive,20,1,68,0,127
24,default,hive,20,1,68,68,1
24,default,hive,20,2,57,0,127
24,default,hive,20,2,57,57,1
24,default,hive,20,3,68,0,127
24,default,hive,20,3,68,68,1
24,default,hive,20,4,68,0,127
24,default,hive,20,4,68,68,1
24,default,hive,20,5,68,0,127
24,default,hive,20,5,68,68,1
24,default,hive,20,6,68,0,127
24,default,hive,20,6,68,68,1
24,default,hive,20,7,67,0,127
24,default,hive,20,7,67,67,1
24,mixed,hive,1,0,1,0,7
24,mixed,hive,1,0,1,1,1
24,mixed,hive,1,1,1,0,7
24,mixed,hive,1,1,1,1,1
24,mixed,hive,2,0,1,0,7
24,mixed,hive,2,0,1,1,1
24,mixed,hive,2,1,1,0,7
24,mixed,hive,2,1,1,1,1
24,mixed,hive,3,0,1,0,7
24,mixed,hive,3,0,1,1,1
24,mixed,hive,3,1,1,0,7
24,mixed,hive,3,1,1,1,1
24,mixed,hive,4,0,1,0,7
24,mixed,hive,4,0,1,1,1
24,mixed,hive,4,1,1,0,7
24,mixed,hive,4,1,1,1,1
24,mixed,hive,5,0,1,0,7
24,mixed,hive,5,0,1,1,1
24,mixed,hive,5,1,1,0,7
24,mixed,hive,5,1,1,1,1
24,mixed,hive,6,0,1,0,7
24,mixed,hive,6,0,1,1,1
24,mixed,hive,6,1,1,0,7
24,mixed,hive,6,1,1,1,1
24,mixed,hive,7,0,1,0,7
24,mixed,hive,7,0,1,1,1
24,mixed,hive,7,1,1,0,7
24,mixed,hive,7,1,1,1,1
24,mixed,hive,8,0,1,0,7
24,mixed,hive,8,0,1,1,1
24,mixed,hive,8,1,1,0,7
24,mixed,hive,8,1,1,1,1
24,mixed,hive,9,0,1,0,7
24,mixed,hive,9,0,1,1,1
24,mixed,hive,9,1,1,0,7
24,mixed,hive,9,1,1,1,1
24,mixed,hive,10,0,2,0,7
24,mixed,hive,10,0,2,2,1
24,mixed,hive,10,1,2,0,7
24,mixed,hive,10,1,2,2,1
24,mixed,hive,11,0,2,0,6
24,mixed,hive,11,0,2,1,2
24,mixed,hive,11,1,2,0,6
24,mixed,hive,11,1,2,1,2
24,mixed,hive,12,0,2,0,6
24,mixed,hive,12,0,2,1,2
24,mixed,hive,12,1,2,0,6
24,mixed,hive,12,1,2,1,2
24,mixed,hive,13,0,3,0,5
24,mixed,hive,13,0,3,1,3
24,mixed,hive,13,1,3,0,5
24,mixed,hive,13,1,3,1,3
24,mixed,hive,14,0,4,0,4
24,mixed,hive,14,0,4,1,4
24,mixed,hive,14,1,4,0,4
24,mixed,hive,14,1,4,1,4
24,mixed,hive,15,0,4,0,5
24,mixed,hive,15,0,4,1,2
24,mixed,hive,15,0,4,2,1
24,mixed,hive,15,1,4,0,5
24,mixed,hive,15,1,4,1,2
24,mixed,hive,15,1,4,2,1
24,mixed,hive,16,0,6,0,3
24,mixed,hive,16,0,6,1,4
24,mixed,hive,16,0,6,2,1
24,mixed,hive,16,1,6,0,3
24,mixed,hive,16,1,6,1,4
24,mixed,hive,16,1,6,2,1
24,mixed,hive,17,0,14,0,20
24,mixed,hive,17,0,14,1,11
24,mixed,hive,17,0,14,3,1
24,mixed,hive,17,1,14,0,20
24,mixed,hive,17,1,14,1,11
24,mixed,hive,17,1,14,3,1
24,mixed,hive,17,3,3,0,6
24,mixed,hive,17,3,3,1,1
24,mixed,hive,17,3,3,2,1
24,mixed,hive,18,0,26,0,47
24,mixed,hive,18,0,26,1,11
24,mixed,hive,18,0,26,2,4
24,mixed,hive,18,0,26,3,1
24,mixed,hive,18,0,26,4,1
24,mixed,hive,18,1,26,0,47
24,mixed,hive,18,1,26,1,11
24,mixed,hive,18,1,26,2,4
24,mixed,hive,18,1,26,3,1
24,mixed,hive,18,1,26,4,1
24,mixed,hive,18,3,6,0,4
24,mixed,hive,18,3,6,1,3
24,mixed,hive,18,3,6,3,1
24,mixed,hive,19,0,42,0,33
24,mixed,hive,19,0,42,1,22
24,mixed,hive,19,0,42,2,7
24,mixed,hive,19,0,42,3,2
24,mixed,hive,19,1,42,0,33
24,mixed,hive,19,1,42,1,22
24,mixed,hive,19,1,42,2,7
24,mixed,hive,19,1,42,3,2
24,mixed,hive,19,3,12,0,7
24,mixed,hive,19,3,12,1,7
24,mixed,hive,19,3,12,2,1
24,mixed,hive,19,3,12,3,1
24,mixed,hive,19,4,2,0,6
24,mixed,hive,19,4,2,1,2
24,mixed,hive,20,0,63,0,80
24,mixed,hive,20,0,63,1,34
24,mixed,hive,20,0,63,2,13
24,mixed,hive,20,0,63,3,1
24,mixed,hive,20,1,63,0,80
24,mixed,hive,20,1,63,1,34
24,mixed,hive,20,1,63,2,13
24,mixed,hive,20,1,63,3,1
24,mixed,hive,20,3,38,0,39
24,mixed,hive,20,3,38,1,15
24,mixed,hive,20,3,38,2,7
24,mixed,hive,20,3,38,3,3
24,mixed,hive,20,4,8,0,9
24,mixed,hive,20,4,8,1,6
24,mixed,hive,20,4,8,2,1
25,default,hive,1,0,1,0,7
25,default,hive,1,0,1,1,1
25,default,hive,1,1,1,0,7
25,default,hive,1,1,1,1,1
25,default,hive,2,0,1,0,7
25,default,hive,2,0,1,1,1
25,default,hive,2,1,1,0,7
25,default,hive,2,1,1,1,1
25,default,hive,3,0,1,0,7
25,default,hive,3,0,1,1,1
25,default,hive,3,1,1,0,7
25,default,hive,3,1,1,1,1
25,default,hive,4,0,1,0,7
25,default,hive,4,0,1,1,1
25,default,hive,4,1,1,0,7
25,default,hive,4,1,1,1,1
25,default,hive,5,0,1,0,7
25,default,hive,5,0,1,1,1
25,default,hive,5,1,1,0,7
25,default,hive,5,1,1,1,1
25,default,hive,6,0,1,0,7
25,default,hive,6,0,1,1,1
25,default,hive,6,1,1,0,7
25,default,hive,6,1,1,1,1
25,default,hive,7,0,1,0,7
25,default,hive,7,0,1,1,1
25,default,hive,7,1,1,0,7
25,default,hive,7,1,1,1,1
25,default,hive,8,0,1,0,7
25,default,hive,8,0,1,1,1
25,default,hive,8,1,1,0,7
25,default,hive,8,1,1,1,1
25,default,hive,9,0,1,0,7
25,default,hive,9,0,1,1,1
25,default,hive,9,1,1,0,7
25,default,hive,9,1,1,1,1
25,default,hive,10,0,2,0,7
25,default,hive,10,0,2,2,1
25,default,hive,10,1,2,0,7
25,default,hive,10,1,2,2,1
25,default,hive,11,0,2,0,7
25,default,hive,11,0,2,2,1
25,default,hive,11,1,2,0,7
25,default,hive,11,1,2,2,1
25,default,hive,12,0,2,0,7
25,default,hive,12,0,2,2,1
25,default,hive,12,1,2,0,7
25,default,hive,12,1,2,2,1
25,default,hive,13,0,3,0,7
25,default,hive,13,0,3,3,1
25,default,hive,13,1,3,0,7
25,default,hive,13,1,3,3,1
25,default,hive,14,0,4,0,7
25,default,hive,14,0,4,4,1
25,default,hive,14,1,4,0,7
25,default,hive,14,1,4,4,1
25,default,hive,15,0,4,0,7
25,default,hive,15,0,4,4,1
25,default,hive,15,1,4,0,7
25,default,hive,15,1,4,4,1
25,default,hive,16,0,6,0,7
25,default,hive,16,0,6,6,1
25,default,hive,16,1,6,0,7
25,default,hive,16,1,6,6,1
25,default,hive,17,0,34,0,63
25,default,hive,17,0,34,34,1
25,default,hive,17,1,68,0,127
25,default,hive,17,1,68,68,1
25,default,hive,17,2,34,0,63
25,default,hive,17,2,34,34,1
25,default,hive,17,3,68,0,127
25,default,hive,17,3,68,68,1
25,default,hive,17,4,68,0,127
25,default,hive,17,4,68,68,1
25,default,hive,17,5,68,0,127
25,default,hive,17,5,68,68,1
25,default,hive,17,6,68,0,127
25,default,hive,17,6,68,68,1
25,default,hive,17,7,67,0,127
25,default,hive,17,7,67,67,1
25,default,hive,18,0,44,0,63
25,default,hive,18,0,44,44,1
25,default,hive,18,1,68,0,127
25,default,hive,18,1,68,68,1
25,default,hive,18,2,44,0,63
25,default,hive,18,2,44,44,1
25,default,hive,18,3,68,0,127
25,default,hive,18,3,68,68,1
25,default,hive,18,4,68,0,127
25,default,hive,18,4,68,68,1
25,default,hive,18,5,68,0,127
25,default,hive,18,5,68,68,1
25,default,hive,18,6,68,0,127
25,default,hive,18,6,68,68,1
25,default,hive,18,7,67,0,127
25,default,hive,18,7,67,67,1
25,default,hive,19,0,44,0,63
25,default,hive,19,0,44,44,1
25,default,hive,19,1,68,0,127
25,default,hive,19,1,68,68,1
25,default,hive,19,2,44,0,63
25,default,hive,19,2,44,44,1
25,default,hive,19,3,68,0,127
25,default,hive,19,3,68,68,1
25,default,hive,19,4,68,0,127
25,default,hive,19,4,68,68,1
25,default,hive,19,5,68,0,127
25,default,hive,19,5,68,68,1
25,default,hive,19,6,68,0,127
25,default,hive,19,6,68,68,1
25,default,hive,19,7,67,0,127
25,default,hive,19,7,67,67,1
25,default,hive,20,0,57,0,127
25,default,hive,20,0,57,57,1
25,default,hive,20,1,68,0,127
25,default,hive,20,1,68,68,1
25,default,hive,20,2,57,0,127
25,default,hive,20,2,57,57,1
25,default,hive,20,3,68,0,127
25,default,hive,20,3,68,68,1
25,default,hive,20,4,68,0,127
25,default,hive,20,4,68,68,1
25,default,hive,20,5,68,0,127
25,default,hive,20,5,68,68,1
25,default,hive,20,6,68,0,127
25,default,hive,20,6,68,68,1
25,default,hive,20,7,67,0,127
25,default,hive,20,7,67,67,1
25,mixed,hive,1,0,1,0,7
25,mixed,hive,1,0,1,1,1
25,mixed,hive,1,1,1,0,7
25,mixed,hive,1,1,1,1,1
25,mixed,hive,2,0,1,0,7
25,mixed,hive,2,0,1,1,1
25,mixed,hive,2,1,1,0,7
25,mixed,hive,2,1,1,1,1
25,mixed,hive,3,0,1,0,7
25,mixed,hive,3,0,1,1,1
25,mixed,hive,3,1,1,0,7
25,mixed,hive,3,1,1,1,1
25,mixed,hive,4,0,1,0,7
25,mixed,hive,4,0,1,1,1
25,mixed,hive,4,1,1,0,7
25,mixed,hive,4,1,1,1,1
25,mixed,hive,5,0,1,0,7
25,mixed,hive,5,0,1,1,1
25,mixed,hive,5,1,1,0,7
25,mixed,hive,5,1,1,1,1
25,mixed,hive,6,0,1,0,7
25,mixed,hive,6,0,1,1,1
25,mixed,hive,6,1,1,0,7
25,mixed,hive,6,1,1,1,1
25,mixed,hive,7,0,1,0,7
25,mixed,hive,7,0,1,1,1
25,mixed,hive,7,1,1,0,7
25,mixed,hive,7,1,1,1,1
25,mixed,hive,8,0,1,0,7
25,mixed,hive,8,0,1,1,1
25,mixed,hive,8,1,1,0,7
25,mixed,hive,8,1,1,1,1
25,mixed,hive,9,0,1,0,7
25,mixed,hive,9,0,1,1,1
25,mixed,hive,9,1,1,0,7
25,mixed,hive,9,1,1,1,1
25,mixed,hive,10,0,2,0,7
25,mixed,hive,10,0,2,2,1
25,mixed,hive,10,1,2,0,7
25,mixed,hive,10,1,2,2,1
25,mixed,hive,11,0,2,0,6
25,mixed,hive,11,0,2,1,2
25,mixed,hive,11,1,2,0,6
25,mixed,hive,11,1,2,1,2
25,mixed,hive,12,0,2,0,6
25,mixed,hive,12,0,2,1,2
25,mixed,hive,12,1,2,0,6
25,mixed,hive,12,1,2,1,2
25,mixed,hive,13,0,3,0,5
25,mixed,hive,13,0,3,1,3
25,mixed,hive,13,1,3,0,5
25,mixed,hive,13,1,3,1,3
25,mixed,hive,14,0,4,0,4
25,mixed,hive,14,0,4,1,4
25,mixed,hive,14,1,4,0,4
25,mixed,hive,14,1,4,1,4
25,mixed,hive,15,0,4,0,5
25,mixed,hive,15,0,4,1,2
25,mixed,hive,15,0,4,2,1
25,mixed,hive,15,1,4,0,5
25,mixed,hive,15,1,4,1,2
25,mixed,hive,15,1,4,2,1
25,mixed,hive,16,0,6,0,3
25,mixed,hive,16,0,6,1,4
25,mixed,hive,16,0,6,2,1
25,mixed,hive,16,1,6,0,3
25,mixed,hive,16,1,6,1,4
25,mixed,hive,16,1,6,2,1
25,mixed,hive,17,0,14,0,20
25,mixed,hive,17,0,14,1,11
25,mixed,hive,17,0,14,3,1
25,mixed,hive,17,1,14,0,20
25,mixed,hive,17,1,14,1,11
25,mixed,hive,17,1,14,3,1
25,mixed,hive,17,3,3,0,6
25,mixed,hive,17,3,3,1,1
25,mixed,hive,17,3,3,2,1
25,mixed,hive,18,0,26,0,47
25,mixed,hive,18,0,26,1,11
25,mixed,hive,18,0,26,2,4
25,mixed,hive,18,0,26,3,1
25,mixed,hive,18,0,26,4,1
25,mixed,hive,18,1,26,0,47
25,mixed,hive,18,1,26,1,11
25,mixed,hive,18,1,26,2,4
25,mixed,hive,18,1,26,3,1
25,mixed,hive,18,1,26,4,1
25,mixed,hive,18,3,6,0,4
25,mixed,hive,18,3,6,1,3
25,mixed,hive,18,3,6,3,1
25,mixed,hive,19,0,42,0,33
25,mixed,hive,19,0,42,1,22
25,mixed,hive,19,0,42,2,7
25,mixed,hive,19,0,42,3,2
25,mixed,hive,19,1,42,0,33
25,mixed,hive,19,1,42,1,22
25,mixed,hive,19,1,42,2,7
25,mixed,hive,19,1,42,3,2
25,mixed,hive,19,3,12,0,7
25,mixed,hive,19,3,12,1,7
25,mixed,hive,19,3,12,2,1
25,mixed,hive,19,3,12,3,1
25,mixed,hive,19,4,2,0,6
25,mixed,hive,19,4,2,1,2
25,mixed,hive,20,0,63,0,80
25,mixed,hive,20,0,63,1,34
25,mixed,hive,20,0,63,2,13
25,mixed,hive,20,0,63,3,1
25,mixed,hive,20,1,63,0,80
25,mixed,hive,20,1,63,1,34
25,mixed,hive,20,1,63,2,13
25,mixed,hive,20,1,63,3,1
25,mixed,hive,20,3,38,0,39
25,mixed,hive,20,3,38,1,15
25,mixed,hive,20,3,38,2,7
25,mixed,hive,20,3,38,3,3
25,mixed,hive,20,4,8,0,9
25,mixed,hive,20,4,8,1,6
25,mixed,hive,20,4,8,2,1
26,default,hive,1,0,1,0,7
26,default,hive,1,0,1,1,1
26,default,hive,1,1,1,0,7
26,default,hive,1,1,1,1,1
26,default,hive,2,0,1,0,7
26,default,hive,2,0,1,1,1
26,default,hive,2,1,1,0,7
26,default,hive,2,1,1,1,1
26,default,hive,3,0,1,0,7
26,default,hive,3,0,1,1,1
26,default,hive,3,1,1,0,7
26,default,hive,3,1,1,1,1
26,default,hive,4,0,1,0,7
26,default,hive,4,0,1,1,1
26,default,hive,4,1,1,0,7
26,default,hive,4,1,1,1,1
26,default,hive,5,0,1,0,7
26,default,hive,5,0,1,1,1
26,default,hive,5,1,1,0,7
26,default,hive,5,1,1,1,1
26,default,hive,6,0,1,0,7
26,default,hive,6,0,1,1,1
26,default,hive,6,1,1,0,7
26,default,hive,6,1,1,1,1
26,default,hive,7,0,1,0,7
26,default,hive,7,0,1,1,1
26,default,hive,7,1,1,0,7
26,default,hive,7,1,1,1,1
26,default,hive,8,0,1,0,7
26,default,hive,8,0,1,1,1
26,default,hive,8,1,1,0,7
26,default,hive,8,1,1,1,1
26,default,hive,9,0,1,0,7
26,default,hive,9,0,1,1,1
26,default,hive,9,1,1,0,7
26,default,hive,9,1,1,1,1
26,default,hive,10,0,2,0,7
26,default,hive,10,0,2,2,1
26,default,hive,10,1,2,0,7
26,default,hive,10,1,2,2,1
26,default,hive,11,0,2,0,7
26,default,hive,11,0,2,2,1
26,default,hive,11,1,2,0,7
26,default,hive,11,1,2,2,1
26,default,hive,12,0,2,0,7
26,default,hive,12,0,2,2,1
26,default,hive,12,1,2,0,7
26,default,hive,12,1,2,2,1
26,default,hive,13,0,3,0,7
26,default,hive,13,0,3,3,1
26,default,hive,13,1,3,0,7
26,default,hive,13,1,3,3,1
26,default,hive,14,0,4,0,7
26,default,hive,14,0,4,4,1
26,default,hive,14,1,4,0,7
26,default,hive,14,1,4,4,1
26,default,hive,15,0,4,0,7
26,default,hive,15,0,4,4,1
26,default,hive,15,1,4,0,7
26,default,hive,15,1,4,4,1
26,default,hive,16,0,6,0,7
26,default,hive,16,0,6,6,1
26,default,hive,16,1,6,0,7
26,default,hive,16,1,6,6,1
26,default,hive,17,0,34,0,63
26,default,hive,17,0,34,34,1
26,default,hive,17,1,68,0,127
26,default,hive,17,1,68,68,1
26,default,hive,17,2,34,0,63
26,default,hive,17,2,34,34,1
26,default,hive,17,3,68,0,127
26,default,hive,17,3,68,68,1
26,default,hive,17,4,68,0,127
26,default,hive,17,4,68,68,1
26,default,hive,17,5,68,0,127
26,default,hive,17,5,68,68,1
26,default,hive,17,6,68,0,127
26,default,hive,17,6,68,68,1
26,default,hive,17,7,67,0,127
26,default,hive,17,7,67,67,1
26,default,hive,18,0,44,0,63
26,default,hive,18,0,44,44,1
26,default,hive,18,1,68,0,127
26,default,hive,18,1,68,68,1
26,default,hive,18,2,44,0,63
26,default,hive,18,2,44,44,1
26,default,hive,18,3,68,0,127
26,default,hive,18,3,68,68,1
26,default,hive,18,4,68,0,127
26,default,hive,18,4,68,68,1
26,default,hive,18,5,68,0,127
26,default,hive,18,5,68,68,1
26,default,hive,18,6,68,0,127
26,default,hive,18,6,68,68,1
26,default,hive,18,7,67,0,127
26,default,hive,18,7,67,67,1
26,default,hive,19,0,44,0,63
26,default,hive,19,0,44,44,1
26,default,hive,19,1,68,0,127
26,default,hive,19,1,68,68,1
26,default,hive,19,2,44,0,63
26,default,hive,19,2,44,44,1
26,default,hive,19,3,68,0,127
26,default,hive,19,3,68,68,1
26,default,hive,19,4,68,0,127
26,default,hive,19,4,68,68,1
26,default,hive,19,5,68,0,127
26,default,hive,19,5,68,68,1
26,default,hive,19,6,68,0,127
26,default,hive,19,6,68,68,1
26,default,hive,19,7,67,0,127
26,default,hive,19,7,67,67,1
26,default,hive,20,0,57,0,127
26,default,hive,20,0,57,57,1
26,default,hive,20,1,68,0,127
26,default,hive,20,1,68,68,1
26,default,hive,20,2,57,0,127
26,default,hive,20,2,57,57,1
26,default,hive,20,3,68,0,127
26,default,hive,20,3,68,68,1
26,default,hive,20,4,68,0,127
26,default,hive,20,4,68,68,1
26,default,hive,20,5,68,0,127
26,default,hive,20,5,68,68,1
26,default,hive,20,6,68,0,127
26,default,hive,20,6,68,68,1
26,default,hive,20,7,67,0,127
26,default,hive,20,7,67,67,1
26,mixed,hive,1,0,1,0,7
26,mixed,hive,1,0,1,1,1
26,mixed,hive,1,1,1,0,7
26,mixed,hive,1,1,1,1,1
26,mixed,hive,2,0,1,0,7
26,mixed,hive,2,0,1,1,1
26,mixed,hive,2,1,1,0,7
26,mixed,hive,2,1,1,1,1
26,mixed,hive,3,0,1,0,7
26,mixed,hive,3,0,1,1,1
26,mixed,hive,3,1,1,0,7
26,mixed,hive,3,1,1,1,1
26,mixed,hive,4,0,1,0,7
26,mixed,hive,4,0,1,1,1
26,mixed,hive,4,1,1,0,7
26,mixed,hive,4,1,1,1,1
26,mixed,hive,5,0,1,0,7
26,mixed,hive,5,0,1,1,1
26,mixed,hive,5,1,1,0,7
26,mixed,hive,5,1,1,1,1
26,mixed,hive,6,0,1,0,7
26,mixed,hive,6,0,1,1,1
26,mixed,hive,6,1,1,0,7
26,mixed,hive,6,1,1,1,1
26,mixed,hive,7,0,1,0,7
26,mixed,hive,7,0,1,1,1
26,mixed,hive,7,1,1,0,7
26,mixed,hive,7,1,1,1,1
26,mixed,hive,8,0,1,0,7
26,mixed,hive,8,0,1,1,1
26,mixed,hive,8,1,1,0,7
26,mixed,hive,8,1,1,1,1
26,mixed,hive,9,0,1,0,7
26,mixed,hive,9,0,1,1,1
26,mixed,hive,9,1,1,0,7
26,mixed,hive,9,1,1,1,1
26,mixed,hive,10,0,2,0,7
26,mixed,hive,10,0,2,2,1
26,mixed,hive,10,1,2,0,7
26,mixed,hive,10,1,2,2,1
26,mixed,hive,11,0,2,0,6
26,mixed,hive,11,0,2,1,2
26,mixed,hive,11,1,2,0,6
26,mixed,hive,11,1,2,1,2
26,mixed,hive,12,0,2,0,6
26,mixed,hive,12,0,2,1,2
26,mixed,hive,12,1,2,0,6
26,mixed,hive,12,1,2,1,2
26,mixed,hive,13,0,3,0,5
26,mixed,hive,13,0,3,1,3
26,mixed,hive,13,1,3,0,5
26,mixed,hive,13,1,3,1,3
26,mixed,hive,14,0,4,0,4
26,mixed,hive,14,0,4,1,4
26,mixed,hive,14,1,4,0,4
26,mixed,hive,14,1,4,1,4
26,mixed,hive,15,0,4,0,5
26,mixed,hive,15,0,4,1,2
26,mixed,hive,15,0,4,2,1
26,mixed,hive,15,1,4,0,5
26,mixed,hive,15,1,4,1,2
26,mixed,hive,15,1,4,2,1
26,mixed,hive,16,0,6,0,3
26,mixed,hive,16,0,6,1,4
26,mixed,hive,16,0,6,2,1
26,mixed,hive,16,1,6,0,3
26,mixed,hive,16,1,6,1,4
26,mixed,hive,16,1,6,2,1
26,mixed,hive,17,0,14,0,20
26,mixed,hive,17,0,14,1,11
26,mixed,hive,17,0,14,3,1
26,mixed,hive,17,1,14,0,20
26,mixed,hive,17,1,14,1,11
26,mixed,hive,17,1,14,3,1
26,mixed,hive,17,3,3,0,6
26,mixed,hive,17,3,3,1,1
26,mixed,hive,17,3,3,2,1
26,mixed,hive,18,0,26,0,47
26,mixed,hive,18,0,26,1,11
26,mixed,hive,18,0,26,2,4
26,mixed,hive,18,0,26,3,1
26,mixed,hive,18,0,26,4,1
26,mixed,hive,18,1,26,0,47
26,mixed,hive,18,1,26,1,11
26,mixed,hive,18,1,26,2,4
26,mixed,hive,18,1,26,3,1
26,mixed,hive,18,1,26,4,1
26,mixed,hive,18,3,6,0,4
26,mixed,hive,18,3,6,1,3
26,mixed,hive,18,3,6,3,1
26,mixed,hive,19,0,42,0,33
26,mixed,hive,19,0,42,1,22
26,mixed,hive,19,0,42,2,7
26,mixed,hive,19,0,42,3,2
26,mixed,hive,19,1,42,0,33
26,mixed,hive,19,1,42,1,22
26,mixed,hive,19,1,42,2,7
26,mixed,hive,19,1,42,3,2
26,mixed,hive,19,3,12,0,7
26,mixed,hive,19,3,12,1,7
26,mixed,hive,19,3,12,2,1
26,mixed,hive,19,3,12,3,1
26,mixed,hive,19,4,2,0,6
26,mixed,hive,19,4,2,1,2
26,mixed,hive,20,0,63,0,80
26,mixed,hive,20,0,63,1,34
26,mixed,hive,20,0,63,2,13
26,mixed,hive,20,0,63,3,1
26,mixed,hive,20,1,63,0,80
26,mixed,hive,20,1,63,1,34
26,mixed,hive,20,1,63,2,13
26,mixed,hive,20,1,63,3,1
26,mixed,hive,20,3,38,0,39
26,mixed,hive,20,3,38,1,15
26,mixed,hive,20,3,38,2,7
26,mixed,hive,20,3,38,3,3
26,mixed,hive,20,4,8,0,9
26,mixed,hive,20,4,8,1,6
26,mixed,hive,20,4,8,2,1
27,default,hive,1,0,1,0,7
27,default,hive,1,0,1,1,1
27,default,hive,1,1,1,0,7
27,default,hive,1,1,1,1,1
27,default,hive,2,0,1,0,7
27,default,hive,2,0,1,1,1
27,default,hive,2,1,1,0,7
27,default,hive,2,1,1,1,1
27,default,hive,3,0,1,0,7
27,default,hive,3,0,1,1,1
27,default,hive,3,1,1,0,7
27,default,hive,3,1,1,1,1
27,default,hive,4,0,1,0,7
27,default,hive,4,0,1,1,1
27,default,hive,4,1,1,0,7
27,default,hive,4,1,1,1,1
27,default,hive,5,0,1,0,7
27,default,hive,5,0,1,1,1
27,default,hive,5,1,1,0,7
27,default,hive,5,1,1,1,1
27,default,hive,6,0,1,0,7
27,default,hive,6,0,1,1,1
27,default,hive,6,1,1,0,7
27,default,hive,6,1,1,1,1
27,default,hive,7,0,1,0,7
27,default,hive,7,0,1,1,1
27,default,hive,7,1,1,0,7
27,default,hive,7,1,1,1,1
27,default,hive,8,0,1,0,7
27,default,hive,8,0,1,1,1
27,default,hive,8,1,1,0,7
27,default,hive,8,1,1,1,1
27,default,hive,9,0,1,0,7
27,default,hive,9,0,1,1,1
27,default,hive,9,1,1,0,7
27,default,hive,9,1,1,1,1
27,default,hive,10,0,2,0,7
27,default,hive,10,0,2,2,1
27,default,hive,10,1,2,0,7
27,default,hive,10,1,2,2,1
27,default,hive,11,0,2,0,7
27,default,hive,11,0,2,2,1
27,default,hive,11,1,2,0,7
27,default,hive,11,1,2,2,1
27,default,hive,12,0,2,0,7
27,default,hive,12,0,2,2,1
27,default,hive,12,1,2,0,7
27,default,hive,12,1,2,2,1
27,default,hive,13,0,3,0,7
27,default,hive,13,0,3,3,1
27,default,hive,13,1,3,0,7
27,default,hive,13,1,3,3,1
27,default,hive,14,0,4,0,7
27,default,hive,14,0,4,4,1
27,default,hive,14,1,4,0,7
27,default,hive,14,1,4,4,1
27,default,hive,15,0,4,0,7
27,default,hive,15,0,4,4,1
27,default,hive,15,1,4,0,7
27,default,hive,15,1,4,4,1
27,default,hive,16,0,6,0,7
27,default,hive,16,0,6,6,1
27,default,hive,16,1,6,0,7
27,default,hive,16,1,6,6,1
27,default,hive,17,0,34,0,63
27,default,hive,17,0,34,34,1
27,default,hive,17,1,68,0,127
27,default,hive,17,1,68,68,1
27,default,hive,17,2,34,0,63
27,default,hive,17,2,34,34,1
27,default,hive,17,3,68,0,127
27,default,hive,17,3,68,68,1
27,default,hive,17,4,68,0,127
27,default,hive,17,4,68,68,1
27,default,hive,17,5,68,0,127
27,default,hive,17,5,68,68,1
27,default,hive,17,6,68,0,127
27,default,hive,17,6,68,68,1
27,default,hive,17,7,67,0,127
27,default,hive,17,7,67,67,1
27,default,hive,18,0,44,0,63
27,default,hive,18,0,44,44,1
27,default,hive,18,1,68,0,127
27,default,hive,18,1,68,68,1
27,default,hive,18,2,44,0,63
27,default,hive,18,2,44,44,1
27,default,hive,18,3,68,0,127
27,default,hive,18,3,68,68,1
27,default,hive,18,4,68,0,127
27,default,hive,18,4,68,68,1
27,default,hive,18,5,68,0,127
27,default,hive,18,5,68,68,1
27,default,hive,18,6,68,0,127
27,default,hive,18,6,68,68,1
27,default,hive,18,7,67,0,127
27,default,hive,18,7,67,67,1
27,default,hive,19,0,44,0,63
27,default,hive,19,0,44,44,1
27,default,hive,19,1,68,0,127
27,default,hive,19,1,68,68,1
27,default,hive,19,2,44,0,63
27,default,hive,19,2,44,44,1
27,default,hive,19,3,68,0,127
27,default,hive,19,3,68,68,1
27,default,hive,19,4,68,0,127
27,default,hive,19,4,68,68,1
27,default,hive,19,5,68,0,127
27,default,hive,19,5,68,68,1
27,default,hive,19,6,68,0,127
27,default,hive,19,6,68,68,1
27,default,hive,19,7,67,0,127
27,default,hive,19,7,67,67,1
27,default,hive,20,0,57,0,127
27,default,hive,20,0,57,57,1
27,default,hive,20,1,68,0,127
27,default,hive,20,1,68,68,1
27,default,hive,20,2,57,0,127
27,default,hive,20,2,57,57,1
27,default,hive,20,3,68,0,127
27,default,hive,20,3,68,68,1
27,default,hive,20,4,68,0,127
27,default,hive,20,4,68,68,1
27,default,hive,20,5,68,0,127
27,default,hive,20,5,68,68,1
27,default,hive,20,6,68,0,127
27,default,hive,20,6,68,68,1
27,default,hive,20,7,67,0,127
27,default,hive,20,7,67,67,1
27,mixed,hive,1,0,1,0,7
27,mixed,hive,1,0,1,1,1
27,mixed,hive,1,1,1,0,7
27,mixed,hive,1,1,1,1,1
27,mixed,hive,2,0,1,0,7
27,mixed,hive,2,0,1,1,1
27,mixed,hive,2,1,1,0,7
27,mixed,hive,2,1,1,1,1
27,mixed,hive,3,0,1,0,7
27,mixed,hive,3,0,1,1,1
27,mixed,hive,3,1,1,0,7
27,mixed,hive,3,1,1,1,1
27,mixed,hive,4,0,1,0,7
27,mixed,hive,4,0,1,1,1
27,mixed,hive,4,1,1,0,7
27,mixed,hive,4,1,1,1,1
27,mixed,hive,5,0,1,0,7
27,mixed,hive,5,0,1,1,1
27,mixed,hive,5,1,1,0,7
27,mixed,hive,5,1,1,1,1
27,mixed,hive,6,0,1,0,7
27,mixed,hive,6,0,1,1,1
27,mixed,hive,6,1,1,0,7
27,mixed,hive,6,1,1,1,1
27,mixed,hive,7,0,1,0,7
27,mixed,hive,7,0,1,1,1
27,mixed,hive,7,1,1,0,7
27,mixed,hive,7,1,1,1,1
27,mixed,hive,8,0,1,0,7
27,mixed,hive,8,0,1,1,1
27,mixed,hive,8,1,1,0,7
27,mixed,hive,8,1,1,1,1
27,mixed,hive,9,0,1,0,7
27,mixed,hive,9,0,1,1,1
27,mixed,hive,9,1,1,0,7
27,mixed,hive,9,1,1,1,1
27,mixed,hive,10,0,2,0,7
27,mixed,hive,10,0,2,2,1
27,mixed,hive,10,1,2,0,7
27,mixed,hive,10,1,2,2,1
27,mixed,hive,11,0,2,0,6
27,mixed,hive,11,0,2,1,2
27,mixed,hive,11,1,2,0,6
27,mixed,hive,11,1,2,1,2
27,mixed,hive,12,0,2,0,6
27,mixed,hive,12,0,2,1,2
27,mixed,hive,12,1,2,0,6
27,mixed,hive,12,1,2,1,2
27,mixed,hive,13,0,3,0,5
27,mixed,hive,13,0,3,1,3
27,mixed,hive,13,1,3,0,5
27,mixed,hive,13,1,3,1,3
27,mixed,hive,14,0,4,0,4
27,mixed,hive,14,0,4,1,4
27,mixed,hive,14,1,4,0,4
27,mixed,hive,14,1,4,1,4
27,mixed,hive,15,0,4,0,5
27,mixed,hive,15,0,4,1,2
27,mixed,hive,15,0,4,2,1
27,mixed,hive,15,1,4,0,5
27,mixed,hive,15,1,4,1,2
27,mixed,hive,15,1,4,2,1
27,mixed,hive,16,0,6,0,3
27,mixed,hive,16,0,6,1,4
27,mixed,hive,16,0,6,2,1
27,mixed,hive,16,1,6,0,3
27,mixed,hive,16,1,6,1,4
27,mixed,hive,16,1,6,2,1
27,mixed,hive,17,0,14,0,20
27,mixed,hive,17,0,14,1,11
27,mixed,hive,17,0,14,3,1
27,mixed,hive,17,1,14,0,20
27,mixed,hive,17,1,14,1,11
27,mixed,hive,17,1,14,3,1
27,mixed,hive,17,3,3,0,6
27,mixed,hive,17,3,3,1,1
27,mixed,hive,17,3,3,2,1
27,mixed,hive,18,0,26,0,47
27,mixed,hive,18,0,26,1,11
27,mixed,hive,18,0,26,2,4
27,mixed,hive,18,0,26,3,1
27,mixed,hive,18,0,26,4,1
27,mixed,hive,18,1,26,0,47
27,mixed,hive,18,1,26,1,11
27,mixed,hive,18,1,26,2,4
27,mixed,hive,18,1,26,3,1
27,mixed,hive,18,1,26,4,1
27,mixed,hive,18,3,6,0,4
27,mixed,hive,18,3,6,1,3
27,mixed,hive,18,3,6,3,1
27,mixed,hive,19,0,42,0,33
27,mixed,hive,19,0,42,1,22
27,mixed,hive,19,0,42,2,7
27,mixed,hive,19,0,42,3,2
27,mixed,hive,19,1,42,0,33
27,mixed,hive,19,1,42,1,22
27,mixed,hive,19,1,42,2,7
27,mixed,hive,19,1,42,3,2
27,mixed,hive,19,3,12,0,7
27,mixed,hive,19,3,12,1,7
27,mixed,hive,19,3,12,2,1
27,mixed,hive,19,3,12,3,1
27,mixed,hive,19,4,2,0,6
27,mixed,hive,19,4,2,1,2
27,mixed,hive,20,0,63,0,80
27,mixed,hive,20,0,63,1,34
27,mixed,hive,20,0,63,2,13
27,mixed,hive,20,0,63,3,1
27,mixed,hive,20,1,63,0,80
27,mixed,hive,20,1,63,1,34
27,mixed,hive,20,1,63,2,13
27,mixed,hive,20,1,63,3,1
27,mixed,hive,20,3,38,0,39
27,mixed,hive,20,3,38,1,15
27,mixed,hive,20,3,38,2,7
27,mixed,hive,20,3,38,3,3
27,mixed,hive,20,4,8,0,9
27,mixed,hive,20,4,8,1,6
27,mixed,hive,20,4,8,2,1
28,default,hive,1,0,1,0,7
28,default,hive,1,0,1,1,1
28,default,hive,1,1,1,0,7
28,default,hive,1,1,1,1,1
28,default,hive,2,0,1,0,7
28,default,hive,2,0,1,1,1
28,default,hive,2,1,1,0,7
28,default,hive,2,1,1,1,1
28,default,hive,3,0,1,0,7
28,default,hive,3,0,1,1,1
28,default,hive,3,1,1,0,7
28,default,hive,3,1,1,1,1
28,default,hive,4,0,1,0,7
28,default,hive,4,0,1,1,1
28,default,hive,4,1,1,0,7
28,default,hive,4,1,1,1,1
28,default,hive,5,0,1,0,7
28,default,hive,5,0,1,1,1
28,default,hive,5,1,1,0,7
28,default,hive,5,1,1,1,1
28,default,hive,6,0,1,0,7
28,default,hive,6,0,1,1,1
28,default,hive,6,1,1,0,7
28,default,hive,6,1,1,1,1
28,default,hive,7,0,1,0,7
28,default,hive,7,0,1,1,1
28,default,hive,7,1,1,0,7
28,default,hive,7,1,1,1,1
28,default,hive,8,0,1,0,7
28,default,hive,8,0,1,1,1
28,default,hive,8,1,1,0,7
28,default,hive,8,1,1,1,1
28,default,hive,9,0,1,0,7
28,default,hive,9,0,1,1,1
28,default,hive,9,1,1,0,7
28,default,hive,9,1,1,1,1
28,default,hive,10,0,2,0,7
28,default,hive,10,0,2,2,1
28,default,hive,10,1,2,0,7
28,default,hive,10,1,2,2,1
28,default,hive,11,0,2,0,7
28,default,hive,11,0,2,2,1
28,default,hive,11,1,2,0,7
28,default,hive,11,1,2,2,1
28,default,hive,12,0,2,0,7
28,default,hive,12,0,2,2,1
28,default,hive,12,1,2,0,7
28,default,hive,12,1,2,2,1
28,default,hive,13,0,3,0,7
28,default,hive,13,0,3,3,1
28,default,hive,13,1,3,0,7
28,default,hive,13,1,3,3,1
28,default,hive,14,0,4,0,7
28,default,hive,14,0,4,4,1
28,default,hive,14,1,4,0,7
28,default,hive,14,1,4,4,1
28,default,hive,15,0,4,0,7
28,default,hive,15,0,4,4,1
28,default,hive,15,1,4,0,7
28,default,hive,15,1,4,4,1
28,default,hive,16,0,6,0,7
28,default,hive,16,0,6,6,1
28,default,hive,16,1,6,0,7
28,default,hive,16,1,6,6,1
28,default,hive,17,0,34,0,63
28,default,hive,17,0,34,34,1
28,default,hive,17,1,68,0,127
28,default,hive,17,1,68,68,1
28,default,hive,17,2,34,0,63
28,default,hive,17,2,34,34,1
28,default,hive,17,3,68,0,127
28,default,hive,17,3,68,68,1
28,default,hive,17,4,68,0,127
28,default,hive,17,4,68,68,1
28,default,hive,17,5,68,0,127
28,default,hive,17,5,68,68,1
28,default,hive,17,6,68,0,127
28,default,hive,17,6,68,68,1
28,default,hive,17,7,67,0,127
28,default,hive,17,7,67,67,1
28,default,hive,18,0,44,0,63
28,default,hive,18,0,44,44,1
28,default,hive,18,1,68,0,127
28,default,hive,18,1,68,68,1
28,default,hive,18,2,44,0,63
28,default,hive,18,2,44,44,1
28,default,hive,18,3,68,0,127
28,default,hive,18,3,68,68,1
28,default,hive,18,4,68,0,127
28,default,hive,18,4,68,68,1
28,default,hive,18,5,68,0,127
28,default,hive,18,5,68,68,1
28,default,hive,18,6,68,0,127
28,default,hive,18,6,68,68,1
28,default,hive,18,7,67,0,127
28,default,hive,18,7,67,67,1
28,default,hive,19,0,44,0,63
28,default,hive,19,0,44,44,1
28,default,hive,19,1,68,0,127
28,default,hive,19,1,68,68,1
28,default,hive,19,2,44,0,63
28,default,hive,19,2,44,44,1
28,default,hive,19,3,68,0,127
28,default,hive,19,3,68,68,1
28,default,hive,19,4,68,0,127
28,default,hive,19,4,68,68,1
28,default,hive,19,5,68,0,127
28,default,hive,19,5,68,68,1
28,default,hive,19,6,68,0,127
28,default,hive,19,6,68,68,1
28,default,hive,19,7,67,0,127
28,default,hive,19,7,67,67,1
28,default,hive,20,0,57,0,127
28,default,hive,20,0,57,57,1
28,default,hive,20,1,68,0,127
28,default,hive,20,1,68,68,1
28,default,hive,20,2,57,0,127
28,default,hive,20,2,57,57,1
28,default,hive,20,3,68,0,127
28,default,hive,20,3,68,68,1
28,default,hive,20,4,68,0,127
28,default,hive,20,4,68,68,1
28,default,hive,20,5,68,0,127
28,default,hive,20,5,68,68,1
28,default,hive,20,6,68,0,127
28,default,hive,20,6,68,68,1
28,default,hive,20,7,67,0,127
28,default,hive,20,7,67,67,1
28,mixed,hive,1,0,1,0,7
28,mixed,hive,1,0,1,1,1
28,mixed,hive,1,1,1,0,7
28,mixed,hive,1,1,1,1,1
28,mixed,hive,2,0,1,0,7
28,mixed,hive,2,0,1,1,1
28,mixed,hive,2,1,1,0,7
28,mixed,hive,2,1,1,1,1
28,mixed,hive,3,0,1,0,7
28,mixed,hive,3,0,1,1,1
28,mixed,hive,3,1,1,0,7
28,mixed,hive,3,1,1,1,1
28,mixed,hive,4,0,1,0,7
28,mixed,hive,4,0,1,1,1
28,mixed,hive,4,1,1,0,7
28,mixed,hive,4,1,1,1,1
28,mixed,hive,5,0,1,0,7
28,mixed,hive,5,0,1,1,1
28,mixed,hive,5,1,1,0,7
28,mixed,hive,5,1,1,1,1
28,mixed,hive,6,0,1,0,7
28,mixed,hive,6,0,1,1,1
28,mixed,hive,6,1,1,0,7
28,mixed,hive,6,1,1,1,1
28,mixed,hive,7,0,1,0,7
28,mixed,hive,7,0,1,1,1
28,mixed,hive,7,1,1,0,7
28,mixed,hive,7,1,1,1,1
28,mixed,hive,8,0,1,0,7
28,mixed,hive,8,0,1,1,1
28,mixed,hive,8,1,1,0,7
28,mixed,hive,8,1,1,1,1
28,mixed,hive,9,0,1,0,7
28,mixed,hive,9,0,1,1,1
28,mixed,hive,9,1,1,0,7
28,mixed,hive,9,1,1,1,1
28,mixed,hive,10,0,2,0,7
28,mixed,hive,10,0,2,2,1
28,mixed,hive,10,1,2,0,7
28,mixed,hive,10,1,2,2,1
28,mixed,hive,11,0,2,0,6
28,mixed,hive,11,0,2,1,2
28,mixed,hive,11,1,2,0,6
28,mixed,hive,11,1,2,1,2
28,mixed,hive,12,0,2,0,6
28,mixed,hive,12,0,2,1,2
28,mixed,hive,12,1,2,0,6
28,mixed,hive,12,1,2,1,2
28,mixed,hive,13,0,3,0,5
28,mixed,hive,13,0,3,1,3
28,mixed,hive,13,1,3,0,5
28,mixed,hive,13,1,3,1,3
28,mixed,hive,14,0,4,0,4
28,mixed,hive,14,0,4,1,4
28,mixed,hive,14,1,4,0,4
28,mixed,hive,14,1,4,1,4
28,mixed,hive,15,0,4,0,5
28,mixed,hive,15,0,4,1,2
28,mixed,hive,15,0,4,2,1
28,mixed,hive,15,1,4,0,5
28,mixed,hive,15,1,4,1,2
28,mixed,hive,15,1,4,2,1
28,mixed,hive,16,0,6,0,3
28,mixed,hive,16,0,6,1,4
28,mixed,hive,16,0,6,2,1
28,mixed,hive,16,1,6,0,3
28,mixed,hive,16,1,6,1,4
28,mixed,hive,16,1,6,2,1
28,mixed,hive,17,0,14,0,20
28,mixed,hive,17,0,14,1,11
28,mixed,hive,17,0,14,3,1
28,mixed,hive,17,1,14,0,20
28,mixed,hive,17,1,14,1,11
28,mixed,hive,17,1,14,3,1
28,mixed,hive,17,3,3,0,6
28,mixed,hive,17,3,3,1,1
28,mixed,hive,17,3,3,2,1
28,mixed,hive,18,0,26,0,47
28,mixed,hive,18,0,26,1,11
28,mixed,hive,18,0,26,2,4
28,mixed,hive,18,0,26,3,1
28,mixed,hive,18,0,26,4,1
28,mixed,hive,18,1,26,0,47
28,mixed,hive,18,1,26,1,11
28,mixed,hive,18,1,26,2,4
28,mixed,hive,18,1,26,3,1
28,mixed,hive,18,1,26,4,1
28,mixed,hive,18,3,6,0,4
28,mixed,hive,18,3,6,1,3
28,mixed,hive,18,3,6,3,1
28,mixed,hive,19,0,42,0,33
28,mixed,hive,19,0,42,1,22
28,mixed,hive,19,0,42,2,7
28,mixed,hive,19,0,42,3,2
28,mixed,hive,19,1,42,0,33
28,mixed,hive,19,1,42,1,22
28,mixed,hive,19,1,42,2,7
28,mixed,hive,19,1,42,3,2
28,mixed,hive,19,3,12,0,7
28,mixed,hive,19,3,12,1,7
28,mixed,hive,19,3,12,2,1
28,mixed,hive,19,3,12,3,1
28,mixed,hive,19,4,2,0,6
28,mixed,hive,19,4,2,1,2
28,mixed,hive,20,0,63,0,80
28,mixed,hive,20,0,63,1,34
28,mixed,hive,20,0,63,2,13
28,mixed,hive,20,0,63,3,1
28,mixed,hive,20,1,63,0,80
28,mixed,hive,20,1,63,1,34
28,mixed,hive,20,1,63,2,13
28,mixed,hive,20,1,63,3,1
28,mixed,hive,20,3,38,0,39
28,mixed,hive,20,3,38,1,15
28,mixed,hive,20,3,38,2,7
28,mixed,hive,20,3,38,3,3
28,mixed,hive,20,4,8,0,9
28,mixed,hive,20,4,8,1,6
28,mixed,hive,20,4,8,2,1
29,default,hive,1,0,1,0,7
29,default,hive,1,0,1,1,1
29,default,hive,1,1,1,0,7
29,default,hive,1,1,1,1,1
29,default,hive,2,0,1,0,7
29,default,hive,2,0,1,1,1
29,default,hive,2,1,1,0,7
29,default,hive,2,1,1,1,1
29,default,hive,3,0,1,0,7
29,default,hive,3,0,1,1,1
29,default,hive,3,1,1,0,7
29,default,hive,3,1,1,1,1
29,default,hive,4,0,1,0,7
29,default,hive,4,0,1,1,1
29,default,hive,4,1,1,0,7
29,default,hive,4,1,1,1,1
29,default,hive,5,0,1,0,7
29,default,hive,5,0,1,1,1
29,default,hive,5,1,1,0,7
29,default,hive,5,1,1,1,1
29,default,hive,6,0,1,0,7
29,default,hive,6,0,1,1,1
29,default,hive,6,1,1,0,7
29,default,hive,6,1,1,1,1
29,default,hive,7,0,1,0,7
29,default,hive,7,0,1,1,1
29,default,hive,7,1,1,0,7
29,default,hive,7,1,1,1,1
29,default,hive,8,0,1,0,7
29,default,hive,8,0,1,1,1
29,default,hive,8,1,1,0,7
29,default,hive,8,1,1,1,1
29,default,hive,9,0,1,0,7
29,default,hive,9,0,1,1,1
29,default,hive,9,1,1,0,7
29,default,hive,9,1,1,1,1
29,default,hive,10,0,2,0,7
29,default,hive,10,0,2,2,1
29,default,hive,10,1,2,0,7
29,default,hive,10,1,2,2,1
29,default,hive,11,0,2,0,7
29,default,hive,11,0,2,2,1
29,default,hive,11,1,2,0,7
29,default,hive,11,1,2,2,1
29,default,hive,12,0,2,0,7
29,default,hive,12,0,2,2,1
29,default,hive,12,1,2,0,7
29,default,hive,12,1,2,2,1
29,default,hive,13,0,3,0,7
29,default,hive,13,0,3,3,1
29,default,hive,13,1,3,0,7
29,default,hive,13,1,3,3,1
29,default,hive,14,0,4,0,7
29,default,hive,14,0,4,4,1
29,default,hive,14,1,4,0,7
29,default,hive,14,1,4,4,1
29,default,hive,15,0,4,0,7
29,default,hive,15,0,4,4,1
29,default,hive,15,1,4,0,7
29,default,hive,15,1,4,4,1
29,default,hive,16,0,6,0,7
29,default,hive,16,0,6,6,1
29,default,hive,16,1,6,0,7
29,default,hive,16,1,6,6,1
29,default,hive,17,0,34,0,63
29,default,hive,17,0,34,34,1
29,default,hive,17,1,68,0,127
29,default,hive,17,1,68,68,1
29,default,hive,17,2,34,0,63
29,default,hive,17,2,34,34,1
29,default,hive,17,3,68,0,127
29,default,hive,17,3,68,68,1
29,default,hive,17,4,68,0,127
29,default,hive,17,4,68,68,1
29,default,hive,17,5,68,0,127
29,default,hive,17,5,68,68,1
29,default,hive,17,6,68,0,127
29,default,hive,17,6,68,68,1
29,default,hive,17,7,67,0,127
29,default,hive,17,7,67,67,1
29,default,hive,18,0,44,0,63
29,default,hive,18,0,44,44,1
29,default,hive,18,1,68,0,127
29,default,hive,18,1,68,68,1
29,default,hive,18,2,44,0,63
29,default,hive,18,2,44,44,1
29,default,hive,18,3,68,0,127
29,default,hive,18,3,68,68,1
29,default,hive,18,4,68,0,127
29,default,hive,18,4,68,68,1
29,default,hive,18,5,68,0,127
29,default,hive,18,5,68,68,1
29,default,hive,18,6,68,0,127
29,default,hive,18,6,68,68,1
29,default,hive,18,7,67,0,127
29,default,hive,18,7,67,67,1
29,default,hive,19,0,44,0,63
29,default,hive,19,0,44,44,1
29,default,hive,19,1,68,0,127
29,default,hive,19,1,68,68,1
29,default,hive,19,2,44,0,63
29,default,hive,19,2,44,44,1
29,default,hive,19,3,68,0,127
29,default,hive,19,3,68,68,1
29,default,hive,19,4,68,0,127
29,default,hive,19,4,68,68,1
29,default,hive,19,5,68,0,127
29,default,hive,19,5,68,68,1
29,default,hive,19,6,68,0,127
29,default,hive,19,6,68,68,1
29,default,hive,19,7,67,0,127
29,default,hive,19,7,67,67,1
29,default,hive,20,0,57,0,127
29,default,hive,20,0,57,57,1
29,default,hive,20,1,68,0,127
29,default,hive,20,1,68,68,1
29,default,hive,20,2,57,0,127
29,default,hive,20,2,57,57,1
29,default,hive,20,3,68,0,127
29,default,hive,20,3,68,68,1
29,default,hive,20,4,68,0,127
29,default,hive,20,4,68,68,1
29,default,hive,20,5,68,0,127
29,default,hive,20,5,68,68,1
29,default,hive,20,6,68,0,127
29,default,hive,20,6,68,68,1
29,default,hive,20,7,67,0,127
29,default,hive,20,7,67,67,1
29,mixed,hive,1,0,1,0,7
29,mixed,hive,1,0,1,1,1
29,mixed,hive,1,1,1,0,7
29,mixed,hive,1,1,1,1,1
29,mixed,hive,2,0,1,0,7
29,mixed,hive,2,0,1,1,1
29,mixed,hive,2,1,1,0,7
29,mixed,hive,2,1,1,1,1
29,mixed,hive,3,0,1,0,7
29,mixed,hive,3,0,1,1,1
29,mixed,hive,3,1,1,0,7
29,mixed,hive,3,1,1,1,1
29,mixed,hive,4,0,1,0,7
29,mixed,hive,4,0,1,1,1
29,mixed,hive,4,1,1,0,7
29,mixed,hive,4,1,1,1,1
29,mixed,hive,5,0,1,0,7
29,mixed,hive,5,0,1,1,1
29,mixed,hive,5,1,1,0,7
29,mixed,hive,5,1,1,1,1
29,mixed,hive,6,0,1,0,7
29,mixed,hive,6,0,1,1,1
29,mixed,hive,6,1,1,0,7
29,mixed,hive,6,1,1,1,1
29,mixed,hive,7,0,1,0,7
29,mixed,hive,7,0,1,1,1
29,mixed,hive,7,1,1,0,7
29,mixed,hive,7,1,1,1,1
29,mixed,hive,8,0,1,0,7
29,mixed,hive,8,0,1,1,1
29,mixed,hive,8,1,1,0,7
29,mixed,hive,8,1,1,1,1
29,mixed,hive,9,0,1,0,7
29,mixed,hive,9,0,1,1,1
29,mixed,hive,9,1,1,0,7
29,mixed,hive,9,1,1,1,1
29,mixed,hive,10,0,2,0,7
29,mixed,hive,10,0,2,2,1
29,mixed,hive,10,1,2,0,7
29,mixed,hive,10,1,2,2,1
29,mixed,hive,11,0,2,0,6
29,mixed,hive,11,0,2,1,2
29,mixed,hive,11,1,2,0,6
29,mixed,hive,11,1,2,1,2
29,mixed,hive,12,0,2,0,6
29,mixed,hive,12,0,2,1,2
29,mixed,hive,12,1,2,0,6
29,mixed,hive,12,1,2,1,2
29,mixed,hive,13,0,3,0,5
29,mixed,hive,13,0,3,1,3
29,mixed,hive,13,1,3,0,5
29,mixed,hive,13,1,3,1,3
29,mixed,hive,14,0,4,0,4
29,mixed,hive,14,0,4,1,4
29,mixed,hive,14,1,4,0,4
29,mixed,hive,14,1,4,1,4
29,mixed,hive,15,0,4,0,5
29,mixed,hive,15,0,4,1,2
29,mixed,hive,15,0,4,2,1
29,mixed,hive,15,1,4,0,5
29,mixed,hive,15,1,4,1,2
29,mixed,hive,15,1,4,2,1
29,mixed,hive,16,0,6,0,3
29,mixed,hive,16,0,6,1,4
29,mixed,hive,16,0,6,2,1
29,mixed,hive,16,1,6,0,3
29,mixed,hive,16,1,6,1,4
29,mixed,hive,16,1,6,2,1
29,mixed,hive,17,0,14,0,20
29,mixed,hive,17,0,14,1,11
29,mixed,hive,17,0,14,3,1
29,mixed,hive,17,1,14,0,20
29,mixed,hive,17,1,14,1,11
29,mixed,hive,17,1,14,3,1
29,mixed,hive,17,3,3,0,6
29,mixed,hive,17,3,3,1,1
29,mixed,hive,17,3,3,2,1
29,mixed,hive,18,0,26,0,47
29,mixed,hive,18,0,26,1,11
29,mixed,hive,18,0,26,2,4
29,mixed,hive,18,0,26,3,1
29,mixed,hive,18,0,26,4,1
29,mixed,hive,18,1,26,0,47
29,mixed,hive,18,1,26,1,11
29,mixed,hive,18,1,26,2,4
29,mixed,hive,18,1,26,3,1
29,mixed,hive,18,1,26,4,1
29,mixed,hive,18,3,6,0,4
29,mixed,hive,18,3,6,1,3
29,mixed,hive,18,3,6,3,1
29,mixed,hive,19,0,42,0,33
29,mixed,hive,19,0,42,1,22
29,mixed,hive,19,0,42,2,7
29,mixed,hive,19,0,42,3,2
29,mixed,hive,19,1,42,0,33
29,mixed,hive,19,1,42,1,22
29,mixed,hive,19,1,42,2,7
29,mixed,hive,19,1,42,3,2
29,mixed,hive,19,3,12,0,7
29,mixed,hive,19,3,12,1,7
29,mixed,hive,19,3,12,2,1
29,mixed,hive,19,3,12,3,1
29,mixed,hive,19,4,2,0,6
29,mixed,hive,19,4,2,1,2
29,mixed,hive,20,0,63,0,80
29,mixed,hive,20,0,63,1,34
29,mixed,hive,20,0,63,2,13
29,mixed,hive,20,0,63,3,1
29,mixed,hive,20,1,63,0,80
29,mixed,hive,20,1,63,1,34
29,mixed,hive,20,1,63,2,13
29,mixed,hive,20,1,63,3,1
29,mixed,hive,20,3,38,0,39
29,mixed,hive,20,3,38,1,15
29,mixed,hive,20,3,38,2,7
29,mixed,hive,20,3,38,3,3
29,mixed,hive,20,4,8,0,9
29,mixed,hive,20,4,8,1,6
29,mixed,hive,20,4,8,2,1
30,default,hive,1,0,1,0,7
30,default,hive,1,0,1,1,1
30,default,hive,1,1,1,0,7
30,default,hive,1,1,1,1,1
30,default,hive,2,0,1,0,7
30,default,hive,2,0,1,1,1
30,default,hive,2,1,1,0,7
30,default,hive,2,1,1,1,1
30,default,hive,3,0,1,0,7
30,default,hive,3,0,1,1,1
30,default,hive,3,1,1,0,7
30,default,hive,3,1,1,1,1
30,default,hive,4,0,1,0,7
30,default,hive,4,0,1,1,1
30,default,hive,4,1,1,0,7
30,default,hive,4,1,1,1,1
30,default,hive,5,0,1,0,7
30,default,hive,5,0,1,1,1
30,default,hive,5,1,1,0,7
30,default,hive,5,1,1,1,1
30,default,hive,6,0,1,0,7
30,default,hive,6,0,1,1,1
30,default,hive,6,1,1,0,7
30,default,hive,6,1,1,1,1
30,default,hive,7,0,1,0,7
30,default,hive,7,0,1,1,1
30,default,hive,7,1,1,0,7
30,default,hive,7,1,1,1,1
30,default,hive,8,0,1,0,7
30,default,hive,8,0,1,1,1
30,default,hive,8,1,1,0,7
30,default,hive,8,1,1,1,1
30,default,hive,9,0,1,0,7
30,default,hive,9,0,1,1,1
30,default,hive,9,1,1,0,7
30,default,hive,9,1,1,1,1
30,default,hive,10,0,2,0,7
30,default,hive,10,0,2,2,1
30,default,hive,10,1,2,0,7
30,default,hive,10,1,2,2,1
30,default,hive,11,0,2,0,7
30,default,hive,11,0,2,2,1
30,default,hive,11,1,2,0,7
30,default,hive,11,1,2,2,1
30,default,hive,12,0,2,0,7
30,default,hive,12,0,2,2,1
30,default,hive,12,1,2,0,7
30,default,hive,12,1,2,2,1
30,default,hive,13,0,3,0,7
30,default,hive,13,0,3,3,1
30,default,hive,13,1,3,0,7
30,default,hive,13,1,3,3,1
30,default,hive,14,0,4,0,7
30,default,hive,14,0,4,4,1
30,default,hive,14,1,4,0,7
30,default,hive,14,1,4,4,1
30,default,hive,15,0,4,0,7
30,default,hive,15,0,4,4,1
30,default,hive,15,1,4,0,7
30,default,hive,15,1,4,4,1
30,default,hive,16,0,6,0,7
30,default,hive,16,0,6,6,1
30,default,hive,16,1,6,0,7
30,default,hive,16,1,6,6,1
30,default,hive,17,0,34,0,63
30,default,hive,17,0,34,34,1
30,default,hive,17,1,68,0,127
30,default,hive,17,1,68,68,1
30,default,hive,17,2,34,0,63
30,default,hive,17,2,34,34,1
30,default,hive,17,3,68,0,127
30,default,hive,17,3,68,68,1
30,default,hive,17,4,68,0,127
30,default,hive,17,4,68,68,1
30,default,hive,17,5,68,0,127
30,default,hive,17,5,68,68,1
30,default,hive,17,6,68,0,127
30,default,hive,17,6,68,68,1
30,default,hive,17,7,67,0,127
30,default,hive,17,7,67,67,1
30,default,hive,18,0,44,0,63
30,default,hive,18,0,44,44,1
30,default,hive,18,1,68,0,127
30,default,hive,18,1,68,68,1
30,default,hive,18,2,44,0,63
30,default,hive,18,2,44,44,1
30,default,hive,18,3,68,0,127
30,default,hive,18,3,68,68,1
30,default,hive,18,4,68,0,127
30,default,hive,18,4,68,68,1
30,default,hive,18,5,68,0,127
30,default,hive,18,5,68,68,1
30,default,hive,18,6,68,0,127
30,default,hive,18,6,68,68,1
30,default,hive,18,7,67,0,127
30,default,hive,18,7,67,67,1
30,default,hive,19,0,44,0,63
30,default,hive,19,0,44,44,1
30,default,hive,19,1,68,0,127
30,default,hive,19,1,68,68,1
30,default,hive,19,2,44,0,63
30,default,hive,19,2,44,44,1
30,default,hive,19,3,68,0,127
30,default,hive,19,3,68,68,1
30,default,hive,19,4,68,0,127
30,default,hive,19,4,68,68,1
30,default,hive,19,5,68,0,127
30,default,hive,19,5,68,68,1
30,default,hive,19,6,68,0,127
30,default,hive,19,6,68,68,1
30,default,hive,19,7,67,0,127
30,default,hive,19,7,67,67,1
30,default,hive,20,0,57,0,127
30,default,hive,20,0,57,57,1
30,default,hive,20,1,68,0,127
30,default,hive,20,1,68,68,1
30,default,hive,20,2,57,0,127
30,default,hive,20,2,57,57,1
30,default,hive,20,3,68,0,127
30,default,hive,20,3,68,68,1
30,default,hive,20,4,68,0,127
30,default,hive,20,4,68,68,1
30,default,hive,20,5,68,0,127
30,default,hive,20,5,68,68,1
30,default,hive,20,6,68,0,127
30,default,hive,20,6,68,68,1
30,default,hive,20,7,67,0,127
30,default,hive,20,7,67,67,1
30,mixed,hive,1,0,1,0,7
30,mixed,hive,1,0,1,1,1
30,mixed,hive,1,1,1,0,7
30,mixed,hive,1,1,1,1,1
30,mixed,hive,2,0,1,0,7
30,mixed,hive,2,0,1,1,1
30,mixed,hive,2,1,1,0,7
30,mixed,hive,2,1,1,1,1
30,mixed,hive,3,0,1,0,7
30,mixed,hive,3,0,1,1,1
30,mixed,hive,3,1,1,0,7
30,mixed,hive,3,1,1,1,1
30,mixed,hive,4,0,1,0,7
30,mixed,hive,4,0,1,1,1
30,mixed,hive,4,1,1,0,7
30,mixed,hive,4,1,1,1,1
30,mixed,hive,5,0,1,0,7
30,mixed,hive,5,0,1,1,1
30,mixed,hive,5,1,1,0,7
30,mixed,hive,5,1,1,1,1
30,mixed,hive,6,0,1,0,7
30,mixed,hive,6,0,1,1,1
30,mixed,hive,6,1,1,0,7
30,mixed,hive,6,1,1,1,1
30,mixed,hive,7,0,1,0,7
30,mixed,hive,7,0,1,1,1
30,mixed,hive,7,1,1,0,7
30,mixed,hive,7,1,1,1,1
30,mixed,hive,8,0,1,0,7
30,mixed,hive,8,0,1,1,1
30,mixed,hive,8,1,1,0,7
30,mixed,hive,8,1,1,1,1
30,mixed,hive,9,0,1,0,7
30,mixed,hive,9,0,1,1,1
30,mixed,hive,9,1,1,0,7
30,mixed,hive,9,1,1,1,1
30,mixed,hive,10,0,2,0,7
30,mixed,hive,10,0,2,2,1
30,mixed,hive,10,1,2,0,7
30,mixed,hive,10,1,2,2,1
30,mixed,hive,11,0,2,0,6
30,mixed,hive,11,0,2,1,2
30,mixed,hive,11,1,2,0,6
30,mixed,hive,11,1,2,1,2
30,mixed,hive,12,0,2,0,6
30,mixed,hive,12,0,2,1,2
30,mixed,hive,12,1,2,0,6
30,mixed,hive,12,1,2,1,2
30,mixed,hive,13,0,3,0,5
30,mixed,hive,13,0,3,1,3
30,mixed,hive,13,1,3,0,5
30,mixed,hive,13,1,3,1,3
30,mixed,hive,14,0,4,0,4
30,mixed,hive,14,0,4,1,4
30,mixed,hive,14,1,4,0,4
30,mixed,hive,14,1,4,1,4
30,mixed,hive,15,0,4,0,5
30,mixed,hive,15,0,4,1,2
30,mixed,hive,15,0,4,2,1
30,mixed,hive,15,1,4,0,5
30,mixed,hive,15,1,4,1,2
30,mixed,hive,15,1,4,2,1
30,mixed,hive,16,0,6,0,3
30,mixed,hive,16,0,6,1,4
30,mixed,hive,16,0,6,2,1
30,mixed,hive,16,1,6,0,3
30,mixed,hive,16,1,6,1,4
30,mixed,hive,16,1,6,2,1
30,mixed,hive,17,0,14,0,20
30,mixed,hive,17,0,14,1,11
30,mixed,hive,17,0,14,3,1
30,mixed,hive,17,1,14,0,20
30,mixed,hive,17,1,14,1,11
30,mixed,hive,17,1,14,3,1
30,mixed,hive,17,3,3,0,6
30,mixed,hive,17,3,3,1,1
30,mixed,hive,17,3,3,2,1
30,mixed,hive,18,0,26,0,47
30,mixed,hive,18,0,26,1,11
30,mixed,hive,18,0,26,2,4
30,mixed,hive,18,0,26,3,1
30,mixed,hive,18,0,26,4,1
30,mixed,hive,18,1,26,0,47
30,mixed,hive,18,1,26,1,11
30,mixed,hive,18,1,26,2,4
30,mixed,hive,18,1,26,3,1
30,mixed,hive,18,1,26,4,1
30,mixed,hive,18,3,6,0,4
30,mixed,hive,18,3,6,1,3
30,mixed,hive,18,3,6,3,1
30,mixed,hive,19,0,42,0,33
30,mixed,hive,19,0,42,1,22
30,mixed,hive,19,0,42,2,7
30,mixed,hive,19,0,42,3,2
30,mixed,hive,19,1,42,0,33
30,mixed,hive,19,1,42,1,22
30,mixed,hive,19,1,42,2,7
30,mixed,hive,19,1,42,3,2
30,mixed,hive,19,3,12,0,7
30,mixed,hive,19,3,12,1,7
30,mixed,hive,19,3,12,2,1
30,mixed,hive,19,3,12,3,1
30,mixed,hive,19,4,2,0,6
30,mixed,hive,19,4,2,1,2
30,mixed,hive,20,0,63,0,80
30,mixed,hive,20,0,63,1,34
30,mixed,hive,20,0,63,2,13
30,mixed,hive,20,0,63,3,1
30,mixed,hive,20,1,63,0,80
30,mixed,hive,20,1,63,1,34
30,mixed,hive,20,1,63,2,13
30,mixed,hive,20,1,63,3,1
30,mixed,hive,20,3,38,0,39
30,mixed,hive,20,3,38,1,15
30,mixed,hive,20,3,38,2,7
30,mixed,hive,20,3,38,3,3
30,mixed,hive,20,4,8,0,9
30,mixed,hive,20,4,8,1,6
30,mixed,hive,20,4,8,2,1
